 C10H8O4 Density=1.4 Thickness=3. microns
 Photon energy (eV), Transmission
    10.000      3.50325E-44
    11.000      0.00000    
    12.000      0.00000    
    13.000      0.00000    
    14.000      0.00000    
    15.000      0.00000    
    16.000      0.00000    
    17.000      0.00000    
    18.000      0.00000    
    19.000      0.00000    
    20.000      0.00000    
    21.000      0.00000    
    22.000      0.00000    
    23.000      0.00000    
    24.000      0.00000    
    25.000      0.00000    
    26.000      0.00000    
    27.000      0.00000    
    28.000      0.00000    
    29.000      0.00000    
    30.000      0.00000    
    31.000      0.00000    
    32.000      0.00000    
    33.000      0.00000    
    34.000      0.00000    
    35.000      0.00000    
    36.000      0.00000    
    37.000      1.40130E-45
    38.000      1.02295E-43
    39.000      9.29201E-42
    40.000      7.41120E-40
    41.000      4.86010E-38
    42.000      2.35662E-36
    43.000      8.67575E-35
    44.000      2.48969E-33
    45.000      5.60827E-32
    46.000      8.18003E-31
    47.000      9.69629E-30
    48.000      9.96825E-29
    49.000      9.74336E-28
    50.000      1.02256E-26
    51.000      9.38971E-26
    52.000      7.61869E-25
    53.000      5.51034E-24
    54.000      3.29012E-23
    55.000      1.68472E-22
    56.000      7.96212E-22
    57.000      3.49150E-21
    58.000      1.42725E-20
    59.000      5.46419E-20
    60.000      1.96718E-19
    61.000      6.87278E-19
    62.000      2.45999E-18
    63.000      8.52784E-18
    64.000      2.79236E-17
    65.000      8.66511E-17
    66.000      2.55597E-16
    67.000      7.18846E-16
    68.000      1.93293E-15
    69.000      4.98230E-15
    70.000      1.23232E-14
    71.000      2.92660E-14
    72.000      6.70321E-14
    73.000      1.48496E-13
    74.000      3.18755E-13
    75.000      6.64024E-13
    76.000      1.34458E-12
    77.000      2.65052E-12
    78.000      5.09354E-12
    79.000      9.55292E-12
    80.000      1.75083E-11
    81.000      3.13932E-11
    82.000      5.51273E-11
    83.000      9.49007E-11
    84.000      1.60319E-10
    85.000      2.65985E-10
    86.000      4.33742E-10
    87.000      6.95766E-10
    88.000      1.09865E-09
    89.000      1.70894E-09
    90.000      2.62027E-09
    91.000      3.96268E-09
    92.000      5.91449E-09
    93.000      8.71700E-09
    94.000      1.26936E-08
    95.000      1.82711E-08
    96.000      2.60089E-08
    97.000      3.66320E-08
    98.000      5.13135E-08
    99.000      7.16740E-08
    100.00      1.01595E-07
    101.00      1.43244E-07
    102.00      1.99837E-07
    103.00      2.75945E-07
    104.00      3.77313E-07
    105.00      5.11138E-07
    106.00      6.86197E-07
    107.00      9.13176E-07
    108.00      1.20519E-06
    109.00      1.57790E-06
    110.00      2.04996E-06
    111.00      2.64350E-06
    112.00      3.38449E-06
    113.00      4.30343E-06
    114.00      5.43569E-06
    115.00      6.82193E-06
    116.00      8.50867E-06
    117.00      1.05498E-05
    118.00      1.30057E-05
    119.00      1.59446E-05
    120.00      1.94432E-05
    121.00      2.35869E-05
    122.00      2.84709E-05
    123.00      3.42015E-05
    124.00      4.08942E-05
    125.00      4.86766E-05
    126.00      5.76876E-05
    127.00      6.80830E-05
    128.00      8.00248E-05
    129.00      9.36860E-05
    130.00      1.09260E-04
    131.00      1.26951E-04
    132.00      1.46978E-04
    133.00      1.69987E-04
    134.00      1.96228E-04
    135.00      2.25450E-04
    136.00      2.57796E-04
    137.00      2.93869E-04
    138.00      3.33987E-04
    139.00      3.78474E-04
    140.00      4.27673E-04
    141.00      4.81942E-04
    142.00      5.41631E-04
    143.00      6.07132E-04
    144.00      6.78858E-04
    145.00      7.57213E-04
    146.00      8.42612E-04
    147.00      9.35469E-04
    148.00      1.03623E-03
    149.00      1.14535E-03
    150.00      1.26328E-03
    151.00      1.39050E-03
    152.00      1.52749E-03
    153.00      1.67470E-03
    154.00      1.83254E-03
    155.00      2.00157E-03
    156.00      2.18231E-03
    157.00      2.37524E-03
    158.00      2.58084E-03
    159.00      2.79958E-03
    160.00      3.03196E-03
    161.00      3.27848E-03
    162.00      3.53964E-03
    163.00      3.81589E-03
    164.00      4.10765E-03
    165.00      4.41544E-03
    166.00      4.73976E-03
    167.00      5.08122E-03
    168.00      5.44010E-03
    169.00      5.81686E-03
    170.00      6.21193E-03
    171.00      6.62574E-03
    172.00      7.05867E-03
    173.00      7.51117E-03
    174.00      7.98362E-03
    175.00      8.47652E-03
    176.00      8.99016E-03
    177.00      9.52482E-03
    178.00      1.00808E-02
    179.00      1.06585E-02
    180.00      1.12742E-02
    181.00      1.19371E-02
    182.00      1.26258E-02
    183.00      1.33912E-02
    184.00      1.42379E-02
    185.00      1.51200E-02
    186.00      1.60741E-02
    187.00      1.70976E-02
    188.00      1.81638E-02
    189.00      1.92740E-02
    190.00      2.04287E-02
    191.00      2.16276E-02
    192.00      2.28709E-02
    193.00      2.41588E-02
    194.00      2.54920E-02
    195.00      2.68707E-02
    196.00      2.82952E-02
    197.00      2.97654E-02
    198.00      3.12819E-02
    199.00      3.28444E-02
    200.00      3.44530E-02
    201.00      3.61078E-02
    202.00      3.78088E-02
    203.00      3.95559E-02
    204.00      4.13489E-02
    205.00      4.31874E-02
    206.00      4.50715E-02
    207.00      4.70010E-02
    208.00      4.89759E-02
    209.00      5.09958E-02
    210.00      5.30601E-02
    211.00      5.51687E-02
    212.00      5.73205E-02
    213.00      5.95155E-02
    214.00      6.17533E-02
    215.00      6.40340E-02
    216.00      6.63569E-02
    217.00      6.87210E-02
    218.00      7.11213E-02
    219.00      7.35490E-02
    220.00      7.60156E-02
    221.00      7.85208E-02
    222.00      8.10341E-02
    223.00      8.35740E-02
    224.00      8.61492E-02
    225.00      8.87592E-02
    226.00      9.14031E-02
    227.00      9.40803E-02
    228.00      9.67900E-02
    229.00      9.95316E-02
    230.00      0.10230    
    231.00      0.10511    
    232.00      0.10794    
    233.00      0.11080    
    234.00      0.11369    
    235.00      0.11661    
    236.00      0.11955    
    237.00      0.12247    
    238.00      0.12541    
    239.00      0.12837    
    240.00      0.13130    
    241.00      0.13411    
    242.00      0.13693    
    243.00      0.13976    
    244.00      0.14265    
    245.00      0.14559    
    246.00      0.14856    
    247.00      0.15153    
    248.00      0.15466    
    249.00      0.15795    
    250.00      0.16125    
    251.00      0.16458    
    252.00      0.16792    
    253.00      0.17127    
    254.00      0.17464    
    255.00      0.17802    
    256.00      0.18141    
    257.00      0.18482    
    258.00      0.18824    
    259.00      0.19167    
    260.00      0.19511    
    261.00      0.19856    
    262.00      0.20202    
    263.00      0.20549    
    264.00      0.20896    
    265.00      0.21244    
    266.00      0.21593    
    267.00      0.21942    
    268.00      0.22292    
    269.00      0.22642    
    270.00      0.22992    
    271.00      0.23343    
    272.00      0.23694    
    273.00      0.24046    
    274.00      0.24399    
    275.00      0.24752    
    276.00      0.25105    
    277.00      0.25458    
    278.00      0.25812    
    279.00      0.26167    
    280.00      0.26521    
    281.00      0.26875    
    282.00      0.27230    
    283.00      0.27584    
    284.00      0.27938    
    285.00      6.34532E-07
    286.00      7.09245E-07
    287.00      7.91756E-07
    288.00      8.82791E-07
    289.00      9.83090E-07
    290.00      1.09347E-06
    291.00      1.21481E-06
    292.00      1.34805E-06
    293.00      1.49418E-06
    294.00      1.65430E-06
    295.00      1.82952E-06
    296.00      2.02108E-06
    297.00      2.23027E-06
    298.00      2.45849E-06
    299.00      2.70721E-06
    300.00      2.97799E-06
    301.00      3.27257E-06
    302.00      3.59263E-06
    303.00      3.94010E-06
    304.00      4.31692E-06
    305.00      4.72522E-06
    306.00      5.16707E-06
    307.00      5.64490E-06
    308.00      6.16122E-06
    309.00      6.71863E-06
    310.00      7.31984E-06
    311.00      7.96788E-06
    312.00      8.66571E-06
    313.00      9.41649E-06
    314.00      1.02235E-05
    315.00      1.10904E-05
    316.00      1.20208E-05
    317.00      1.30185E-05
    318.00      1.40878E-05
    319.00      1.52325E-05
    320.00      1.64574E-05
    321.00      1.77668E-05
    322.00      1.91657E-05
    323.00      2.06591E-05
    324.00      2.22522E-05
    325.00      2.39505E-05
    326.00      2.57592E-05
    327.00      2.76847E-05
    328.00      2.97327E-05
    329.00      3.19099E-05
    330.00      3.42231E-05
    331.00      3.66790E-05
    332.00      3.92849E-05
    333.00      4.20481E-05
    334.00      4.49758E-05
    335.00      4.80762E-05
    336.00      5.13575E-05
    337.00      5.48283E-05
    338.00      5.84969E-05
    339.00      6.23726E-05
    340.00      6.64642E-05
    341.00      7.07819E-05
    342.00      7.53345E-05
    343.00      8.01328E-05
    344.00      8.51870E-05
    345.00      9.05086E-05
    346.00      9.61080E-05
    347.00      1.01997E-04
    348.00      1.08187E-04
    349.00      1.14690E-04
    350.00      1.21518E-04
    351.00      1.28686E-04
    352.00      1.36203E-04
    353.00      1.44084E-04
    354.00      1.52345E-04
    355.00      1.60996E-04
    356.00      1.70054E-04
    357.00      1.79531E-04
    358.00      1.89446E-04
    359.00      1.99810E-04
    360.00      2.10641E-04
    361.00      2.21955E-04
    362.00      2.33766E-04
    363.00      2.46093E-04
    364.00      2.58951E-04
    365.00      2.72361E-04
    366.00      2.86335E-04
    367.00      3.00894E-04
    368.00      3.16057E-04
    369.00      3.31840E-04
    370.00      3.48263E-04
    371.00      3.65344E-04
    372.00      3.83104E-04
    373.00      4.01563E-04
    374.00      4.20739E-04
    375.00      4.40654E-04
    376.00      4.61794E-04
    377.00      4.84742E-04
    378.00      5.08609E-04
    379.00      5.33425E-04
    380.00      5.59214E-04
    381.00      5.86005E-04
    382.00      6.14108E-04
    383.00      6.44168E-04
    384.00      6.75411E-04
    385.00      7.07866E-04
    386.00      7.41566E-04
    387.00      7.76547E-04
    388.00      8.12845E-04
    389.00      8.50514E-04
    390.00      8.89576E-04
    391.00      9.30055E-04
    392.00      9.71994E-04
    393.00      1.01543E-03
    394.00      1.06039E-03
    395.00      1.10693E-03
    396.00      1.15508E-03
    397.00      1.20487E-03
    398.00      1.25635E-03
    399.00      1.30954E-03
    400.00      1.36450E-03
    401.00      1.42125E-03
    402.00      1.47986E-03
    403.00      1.54034E-03
    404.00      1.60274E-03
    405.00      1.66711E-03
    406.00      1.73347E-03
    407.00      1.80187E-03
    408.00      1.87236E-03
    409.00      1.94497E-03
    410.00      2.01974E-03
    411.00      2.09672E-03
    412.00      2.17595E-03
    413.00      2.25747E-03
    414.00      2.34131E-03
    415.00      2.42752E-03
    416.00      2.51615E-03
    417.00      2.60723E-03
    418.00      2.70080E-03
    419.00      2.79692E-03
    420.00      2.89562E-03
    421.00      2.99696E-03
    422.00      3.10095E-03
    423.00      3.20767E-03
    424.00      3.31713E-03
    425.00      3.42939E-03
    426.00      3.54449E-03
    427.00      3.66246E-03
    428.00      3.78335E-03
    429.00      3.90722E-03
    430.00      4.03407E-03
    431.00      4.16398E-03
    432.00      4.29698E-03
    433.00      4.43310E-03
    434.00      4.57238E-03
    435.00      4.71488E-03
    436.00      4.86064E-03
    437.00      5.00967E-03
    438.00      5.16205E-03
    439.00      5.31779E-03
    440.00      5.47695E-03
    441.00      5.63956E-03
    442.00      5.80566E-03
    443.00      5.97528E-03
    444.00      6.14849E-03
    445.00      6.32530E-03
    446.00      6.50574E-03
    447.00      6.68989E-03
    448.00      6.87774E-03
    449.00      7.06936E-03
    450.00      7.26479E-03
    451.00      7.46403E-03
    452.00      7.66715E-03
    453.00      7.87416E-03
    454.00      8.08514E-03
    455.00      8.30007E-03
    456.00      8.51899E-03
    457.00      8.74194E-03
    458.00      8.96895E-03
    459.00      9.20009E-03
    460.00      9.43536E-03
    461.00      9.67480E-03
    462.00      9.91845E-03
    463.00      1.01664E-02
    464.00      1.04185E-02
    465.00      1.06750E-02
    466.00      1.09358E-02
    467.00      1.12010E-02
    468.00      1.14706E-02
    469.00      1.17446E-02
    470.00      1.20230E-02
    471.00      1.23059E-02
    472.00      1.25933E-02
    473.00      1.28851E-02
    474.00      1.31816E-02
    475.00      1.34826E-02
    476.00      1.37882E-02
    477.00      1.40985E-02
    478.00      1.44134E-02
    479.00      1.47333E-02
    480.00      1.50579E-02
    481.00      1.53873E-02
    482.00      1.57214E-02
    483.00      1.60602E-02
    484.00      1.64039E-02
    485.00      1.67523E-02
    486.00      1.71080E-02
    487.00      1.74727E-02
    488.00      1.78425E-02
    489.00      1.82174E-02
    490.00      1.85974E-02
    491.00      1.89824E-02
    492.00      1.93726E-02
    493.00      1.97680E-02
    494.00      2.01685E-02
    495.00      2.05742E-02
    496.00      2.09851E-02
    497.00      2.14012E-02
    498.00      2.18225E-02
    499.00      2.22491E-02
    500.00      2.26809E-02
    501.00      2.31179E-02
    502.00      2.35603E-02
    503.00      2.40079E-02
    504.00      2.44608E-02
    505.00      2.49191E-02
    506.00      2.53826E-02
    507.00      2.58514E-02
    508.00      2.63256E-02
    509.00      2.68050E-02
    510.00      2.72898E-02
    511.00      2.77799E-02
    512.00      2.82753E-02
    513.00      2.87761E-02
    514.00      2.92822E-02
    515.00      2.97936E-02
    516.00      3.03104E-02
    517.00      3.08326E-02
    518.00      3.13601E-02
    519.00      3.18930E-02
    520.00      3.24312E-02
    521.00      3.29747E-02
    522.00      3.35236E-02
    523.00      3.40779E-02
    524.00      3.46375E-02
    525.00      3.52024E-02
    526.00      3.57727E-02
    527.00      3.63483E-02
    528.00      3.69293E-02
    529.00      3.75155E-02
    530.00      3.81072E-02
    531.00      3.87041E-02
    532.00      3.93062E-02
    533.00      3.99138E-02
    534.00      4.05265E-02
    535.00      4.11445E-02
    536.00      4.17679E-02
    537.00      4.23963E-02
    538.00      4.30301E-02
    539.00      4.36692E-02
    540.00      4.43135E-02
    541.00      4.49629E-02
    542.00      4.56176E-02
    543.00      4.62774E-02
    544.00      2.79069E-03
    545.00      2.86678E-03
    546.00      2.94443E-03
    547.00      3.02366E-03
    548.00      3.10452E-03
    549.00      3.18699E-03
    550.00      3.27112E-03
    551.00      3.35690E-03
    552.00      3.44438E-03
    553.00      3.53356E-03
    554.00      3.62447E-03
    555.00      3.71712E-03
    556.00      3.81152E-03
    557.00      3.90771E-03
    558.00      4.00572E-03
    559.00      4.10554E-03
    560.00      4.20720E-03
    561.00      4.31073E-03
    562.00      4.41603E-03
    563.00      4.52321E-03
    564.00      4.63231E-03
    565.00      4.74334E-03
    566.00      4.85631E-03
    567.00      4.97126E-03
    568.00      5.08822E-03
    569.00      5.20718E-03
    570.00      5.32814E-03
    571.00      5.45027E-03
    572.00      5.57429E-03
    573.00      5.70035E-03
    574.00      5.82844E-03
    575.00      5.95866E-03
    576.00      6.09096E-03
    577.00      6.22538E-03
    578.00      6.36192E-03
    579.00      6.50061E-03
    580.00      6.64126E-03
    581.00      6.78397E-03
    582.00      6.92886E-03
    583.00      7.07595E-03
    584.00      7.22529E-03
    585.00      7.37686E-03
    586.00      7.53065E-03
    587.00      7.68674E-03
    588.00      7.84512E-03
    589.00      8.00573E-03
    590.00      8.16852E-03
    591.00      8.33361E-03
    592.00      8.50107E-03
    593.00      8.67086E-03
    594.00      8.84304E-03
    595.00      9.01759E-03
    596.00      9.19457E-03
    597.00      9.37395E-03
    598.00      9.55576E-03
    599.00      9.74004E-03
    600.00      9.92679E-03
    601.00      1.01160E-02
    602.00      1.03077E-02
    603.00      1.05019E-02
    604.00      1.06987E-02
    605.00      1.08979E-02
    606.00      1.10997E-02
    607.00      1.13041E-02
    608.00      1.15110E-02
    609.00      1.17205E-02
    610.00      1.19326E-02
    611.00      1.21473E-02
    612.00      1.23646E-02
    613.00      1.25846E-02
    614.00      1.28072E-02
    615.00      1.30324E-02
    616.00      1.32603E-02
    617.00      1.34909E-02
    618.00      1.37243E-02
    619.00      1.39605E-02
    620.00      1.41995E-02
    621.00      1.44412E-02
    622.00      1.46856E-02
    623.00      1.49328E-02
    624.00      1.51827E-02
    625.00      1.54354E-02
    626.00      1.56909E-02
    627.00      1.59491E-02
    628.00      1.62110E-02
    629.00      1.64782E-02
    630.00      1.67483E-02
    631.00      1.70213E-02
    632.00      1.72972E-02
    633.00      1.75761E-02
    634.00      1.78578E-02
    635.00      1.81425E-02
    636.00      1.84302E-02
    637.00      1.87207E-02
    638.00      1.90147E-02
    639.00      1.93168E-02
    640.00      1.96220E-02
    641.00      1.99302E-02
    642.00      2.02416E-02
    643.00      2.05561E-02
    644.00      2.08736E-02
    645.00      2.11944E-02
    646.00      2.15182E-02
    647.00      2.18452E-02
    648.00      2.21753E-02
    649.00      2.25118E-02
    650.00      2.28523E-02
    651.00      2.31960E-02
    652.00      2.35431E-02
    653.00      2.38933E-02
    654.00      2.42469E-02
    655.00      2.46037E-02
    656.00      2.49637E-02
    657.00      2.53271E-02
    658.00      2.56937E-02
    659.00      2.60636E-02
    660.00      2.64368E-02
    661.00      2.68133E-02
    662.00      2.71930E-02
    663.00      2.75762E-02
    664.00      2.79625E-02
    665.00      2.83521E-02
    666.00      2.87451E-02
    667.00      2.91413E-02
    668.00      2.95409E-02
    669.00      2.99437E-02
    670.00      3.03380E-02
    671.00      3.07285E-02
    672.00      3.11220E-02
    673.00      3.15185E-02
    674.00      3.19179E-02
    675.00      3.23203E-02
    676.00      3.27256E-02
    677.00      3.31340E-02
    678.00      3.35454E-02
    679.00      3.39597E-02
    680.00      3.43770E-02
    681.00      3.47836E-02
    682.00      3.51898E-02
    683.00      3.55986E-02
    684.00      3.60102E-02
    685.00      3.64245E-02
    686.00      3.68414E-02
    687.00      3.72611E-02
    688.00      3.76834E-02
    689.00      3.81085E-02
    690.00      3.85363E-02
    691.00      3.89667E-02
    692.00      3.93962E-02
    693.00      3.98274E-02
    694.00      4.02612E-02
    695.00      4.06977E-02
    696.00      4.11367E-02
    697.00      4.15783E-02
    698.00      4.20226E-02
    699.00      4.24694E-02
    700.00      4.29188E-02
    701.00      4.33708E-02
    702.00      4.38254E-02
    703.00      4.43031E-02
    704.00      4.47959E-02
    705.00      4.52917E-02
    706.00      4.57904E-02
    707.00      4.62922E-02
    708.00      4.67968E-02
    709.00      4.73045E-02
    710.00      4.78152E-02
    711.00      4.83287E-02
    712.00      4.88453E-02
    713.00      4.93648E-02
    714.00      4.98936E-02
    715.00      5.04433E-02
    716.00      5.09963E-02
    717.00      5.15524E-02
    718.00      5.21117E-02
    719.00      5.26743E-02
    720.00      5.32401E-02
    721.00      5.38091E-02
    722.00      5.43812E-02
    723.00      5.49565E-02
    724.00      5.55349E-02
    725.00      5.61166E-02
    726.00      5.67011E-02
    727.00      5.72885E-02
    728.00      5.78791E-02
    729.00      5.84728E-02
    730.00      5.90696E-02
    731.00      5.96694E-02
    732.00      6.02723E-02
    733.00      6.08783E-02
    734.00      6.14874E-02
    735.00      6.20997E-02
    736.00      6.27148E-02
    737.00      6.33330E-02
    738.00      6.39545E-02
    739.00      6.45790E-02
    740.00      6.52064E-02
    741.00      6.58369E-02
    742.00      6.64702E-02
    743.00      6.71065E-02
    744.00      6.77459E-02
    745.00      6.83882E-02
    746.00      6.90335E-02
    747.00      6.96815E-02
    748.00      7.03327E-02
    749.00      7.09867E-02
    750.00      7.16437E-02
    751.00      7.23037E-02
    752.00      7.29666E-02
    753.00      7.36323E-02
    754.00      7.43008E-02
    755.00      7.49721E-02
    756.00      7.56463E-02
    757.00      7.63232E-02
    758.00      7.70031E-02
    759.00      7.76857E-02
    760.00      7.83709E-02
    761.00      7.90590E-02
    762.00      7.97519E-02
    763.00      8.04477E-02
    764.00      8.11462E-02
    765.00      8.18473E-02
    766.00      8.25512E-02
    767.00      8.32577E-02
    768.00      8.39671E-02
    769.00      8.46790E-02
    770.00      8.53936E-02
    771.00      8.61108E-02
    772.00      8.68305E-02
    773.00      8.75530E-02
    774.00      8.82831E-02
    775.00      8.90187E-02
    776.00      8.97568E-02
    777.00      9.04977E-02
    778.00      9.12410E-02
    779.00      9.19870E-02
    780.00      9.27357E-02
    781.00      9.34866E-02
    782.00      9.42403E-02
    783.00      9.49965E-02
    784.00      9.57552E-02
    785.00      9.65163E-02
    786.00      9.72809E-02
    787.00      9.80539E-02
    788.00      9.88294E-02
    789.00      9.96074E-02
    790.00      0.10039    
    791.00      0.10117    
    792.00      0.10196    
    793.00      0.10274    
    794.00      0.10353    
    795.00      0.10433    
    796.00      0.10512    
    797.00      0.10592    
    798.00      0.10672    
    799.00      0.10752    
    800.00      0.10832    
    801.00      0.10913    
    802.00      0.10994    
    803.00      0.11075    
    804.00      0.11156    
    805.00      0.11238    
    806.00      0.11320    
    807.00      0.11402    
    808.00      0.11484    
    809.00      0.11567    
    810.00      0.11649    
    811.00      0.11732    
    812.00      0.11815    
    813.00      0.11898    
    814.00      0.11982    
    815.00      0.12066    
    816.00      0.12149    
    817.00      0.12233    
    818.00      0.12318    
    819.00      0.12402    
    820.00      0.12487    
    821.00      0.12572    
    822.00      0.12657    
    823.00      0.12742    
    824.00      0.12828    
    825.00      0.12913    
    826.00      0.12999    
    827.00      0.13085    
    828.00      0.13171    
    829.00      0.13258    
    830.00      0.13344    
    831.00      0.13431    
    832.00      0.13518    
    833.00      0.13605    
    834.00      0.13692    
    835.00      0.13780    
    836.00      0.13867    
    837.00      0.13955    
    838.00      0.14043    
    839.00      0.14130    
    840.00      0.14218    
    841.00      0.14306    
    842.00      0.14394    
    843.00      0.14482    
    844.00      0.14570    
    845.00      0.14658    
    846.00      0.14747    
    847.00      0.14835    
    848.00      0.14924    
    849.00      0.15013    
    850.00      0.15102    
    851.00      0.15191    
    852.00      0.15280    
    853.00      0.15369    
    854.00      0.15458    
    855.00      0.15547    
    856.00      0.15636    
    857.00      0.15725    
    858.00      0.15814    
    859.00      0.15904    
    860.00      0.15993    
    861.00      0.16083    
    862.00      0.16173    
    863.00      0.16263    
    864.00      0.16353    
    865.00      0.16443    
    866.00      0.16533    
    867.00      0.16623    
    868.00      0.16713    
    869.00      0.16803    
    870.00      0.16893    
    871.00      0.16983    
    872.00      0.17073    
    873.00      0.17163    
    874.00      0.17254    
    875.00      0.17344    
    876.00      0.17435    
    877.00      0.17526    
    878.00      0.17617    
    879.00      0.17707    
    880.00      0.17799    
    881.00      0.17890    
    882.00      0.17981    
    883.00      0.18072    
    884.00      0.18164    
    885.00      0.18255    
    886.00      0.18347    
    887.00      0.18438    
    888.00      0.18530    
    889.00      0.18622    
    890.00      0.18714    
    891.00      0.18806    
    892.00      0.18898    
    893.00      0.18990    
    894.00      0.19082    
    895.00      0.19174    
    896.00      0.19266    
    897.00      0.19359    
    898.00      0.19451    
    899.00      0.19544    
    900.00      0.19636    
    901.00      0.19729    
    902.00      0.19822    
    903.00      0.19915    
    904.00      0.20007    
    905.00      0.20100    
    906.00      0.20193    
    907.00      0.20286    
    908.00      0.20379    
    909.00      0.20472    
    910.00      0.20566    
    911.00      0.20659    
    912.00      0.20752    
    913.00      0.20845    
    914.00      0.20939    
    915.00      0.21032    
    916.00      0.21126    
    917.00      0.21219    
    918.00      0.21313    
    919.00      0.21406    
    920.00      0.21500    
    921.00      0.21594    
    922.00      0.21687    
    923.00      0.21782    
    924.00      0.21878    
    925.00      0.21975    
    926.00      0.22071    
    927.00      0.22168    
    928.00      0.22264    
    929.00      0.22361    
    930.00      0.22457    
    931.00      0.22554    
    932.00      0.22650    
    933.00      0.22747    
    934.00      0.22844    
    935.00      0.22940    
    936.00      0.23037    
    937.00      0.23134    
    938.00      0.23231    
    939.00      0.23328    
    940.00      0.23426    
    941.00      0.23523    
    942.00      0.23621    
    943.00      0.23718    
    944.00      0.23816    
    945.00      0.23913    
    946.00      0.24011    
    947.00      0.24108    
    948.00      0.24206    
    949.00      0.24303    
    950.00      0.24401    
    951.00      0.24499    
    952.00      0.24596    
    953.00      0.24694    
    954.00      0.24792    
    955.00      0.24890    
    956.00      0.24989    
    957.00      0.25087    
    958.00      0.25185    
    959.00      0.25283    
    960.00      0.25381    
    961.00      0.25480    
    962.00      0.25578    
    963.00      0.25676    
    964.00      0.25774    
    965.00      0.25872    
    966.00      0.25971    
    967.00      0.26069    
    968.00      0.26167    
    969.00      0.26265    
    970.00      0.26363    
    971.00      0.26462    
    972.00      0.26560    
    973.00      0.26658    
    974.00      0.26756    
    975.00      0.26854    
    976.00      0.26952    
    977.00      0.27050    
    978.00      0.27149    
    979.00      0.27247    
    980.00      0.27345    
    981.00      0.27443    
    982.00      0.27541    
    983.00      0.27639    
    984.00      0.27737    
    985.00      0.27835    
    986.00      0.27932    
    987.00      0.28030    
    988.00      0.28128    
    989.00      0.28226    
    990.00      0.28324    
    991.00      0.28421    
    992.00      0.28519    
    993.00      0.28617    
    994.00      0.28714    
    995.00      0.28812    
    996.00      0.28909    
    997.00      0.29007    
    998.00      0.29104    
    999.00      0.29202    
    1000.0      0.29299
    1001.0      0.29397    
    1002.0      0.29494    
    1003.0      0.29591    
    1004.0      0.29688    
    1005.0      0.29785    
    1006.0      0.29882    
    1007.0      0.29979    
    1008.0      0.30076    
    1009.0      0.30173    
    1010.0      0.30270    
    1011.0      0.30367    
    1012.0      0.30464    
    1013.0      0.30561    
    1014.0      0.30657    
    1015.0      0.30754    
    1016.0      0.30851    
    1017.0      0.30947    
    1018.0      0.31042    
    1019.0      0.31138    
    1020.0      0.31234    
    1021.0      0.31330    
    1022.0      0.31425    
    1023.0      0.31521    
    1024.0      0.31617    
    1025.0      0.31712    
    1026.0      0.31807    
    1027.0      0.31903    
    1028.0      0.31998    
    1029.0      0.32093    
    1030.0      0.32189    
    1031.0      0.32284    
    1032.0      0.32379    
    1033.0      0.32474    
    1034.0      0.32570    
    1035.0      0.32666    
    1036.0      0.32762    
    1037.0      0.32857    
    1038.0      0.32953    
    1039.0      0.33048    
    1040.0      0.33144    
    1041.0      0.33239    
    1042.0      0.33335    
    1043.0      0.33430    
    1044.0      0.33525    
    1045.0      0.33620    
    1046.0      0.33715    
    1047.0      0.33810    
    1048.0      0.33905    
    1049.0      0.34000    
    1050.0      0.34096    
    1051.0      0.34191    
    1052.0      0.34287    
    1053.0      0.34382    
    1054.0      0.34478    
    1055.0      0.34573    
    1056.0      0.34668    
    1057.0      0.34763    
    1058.0      0.34858    
    1059.0      0.34953    
    1060.0      0.35048    
    1061.0      0.35143    
    1062.0      0.35238    
    1063.0      0.35333    
    1064.0      0.35427    
    1065.0      0.35522    
    1066.0      0.35617    
    1067.0      0.35711    
    1068.0      0.35805    
    1069.0      0.35899    
    1070.0      0.35994    
    1071.0      0.36088    
    1072.0      0.36182    
    1073.0      0.36275    
    1074.0      0.36369    
    1075.0      0.36463    
    1076.0      0.36557    
    1077.0      0.36650    
    1078.0      0.36744    
    1079.0      0.36837    
    1080.0      0.36930    
    1081.0      0.37023    
    1082.0      0.37117    
    1083.0      0.37210    
    1084.0      0.37303    
    1085.0      0.37395    
    1086.0      0.37488    
    1087.0      0.37581    
    1088.0      0.37673    
    1089.0      0.37766    
    1090.0      0.37858    
    1091.0      0.37951    
    1092.0      0.38043    
    1093.0      0.38135    
    1094.0      0.38227    
    1095.0      0.38319    
    1096.0      0.38411    
    1097.0      0.38503    
    1098.0      0.38594    
    1099.0      0.38686    
    1100.0      0.38777    
    1101.0      0.38869    
    1102.0      0.38960    
    1103.0      0.39051    
    1104.0      0.39143    
    1105.0      0.39234    
    1106.0      0.39325    
    1107.0      0.39415    
    1108.0      0.39506    
    1109.0      0.39597    
    1110.0      0.39688    
    1111.0      0.39778    
    1112.0      0.39868    
    1113.0      0.39959    
    1114.0      0.40049    
    1115.0      0.40139    
    1116.0      0.40229    
    1117.0      0.40319    
    1118.0      0.40408    
    1119.0      0.40498    
    1120.0      0.40588    
    1121.0      0.40677    
    1122.0      0.40766    
    1123.0      0.40855    
    1124.0      0.40945    
    1125.0      0.41034    
    1126.0      0.41122    
    1127.0      0.41211    
    1128.0      0.41300    
    1129.0      0.41388    
    1130.0      0.41477    
    1131.0      0.41565    
    1132.0      0.41654    
    1133.0      0.41742    
    1134.0      0.41830    
    1135.0      0.41918    
    1136.0      0.42006    
    1137.0      0.42093    
    1138.0      0.42181    
    1139.0      0.42268    
    1140.0      0.42356    
    1141.0      0.42443    
    1142.0      0.42530    
    1143.0      0.42617    
    1144.0      0.42704    
    1145.0      0.42791    
    1146.0      0.42878    
    1147.0      0.42965    
    1148.0      0.43051    
    1149.0      0.43138    
    1150.0      0.43224    
    1151.0      0.43310    
    1152.0      0.43396    
    1153.0      0.43482    
    1154.0      0.43568    
    1155.0      0.43654    
    1156.0      0.43740    
    1157.0      0.43825    
    1158.0      0.43911    
    1159.0      0.43996    
    1160.0      0.44082    
    1161.0      0.44167    
    1162.0      0.44252    
    1163.0      0.44337    
    1164.0      0.44422    
    1165.0      0.44506    
    1166.0      0.44591    
    1167.0      0.44675    
    1168.0      0.44760    
    1169.0      0.44844    
    1170.0      0.44928    
    1171.0      0.45012    
    1172.0      0.45096    
    1173.0      0.45180    
    1174.0      0.45264    
    1175.0      0.45348    
    1176.0      0.45431    
    1177.0      0.45514    
    1178.0      0.45598    
    1179.0      0.45681    
    1180.0      0.45764    
    1181.0      0.45847    
    1182.0      0.45930    
    1183.0      0.46012    
    1184.0      0.46095    
    1185.0      0.46177    
    1186.0      0.46260    
    1187.0      0.46342    
    1188.0      0.46424    
    1189.0      0.46506    
    1190.0      0.46588    
    1191.0      0.46670    
    1192.0      0.46752    
    1193.0      0.46833    
    1194.0      0.46915    
    1195.0      0.46996    
    1196.0      0.47077    
    1197.0      0.47158    
    1198.0      0.47239    
    1199.0      0.47320    
    1200.0      0.47401    
    1201.0      0.47482    
    1202.0      0.47562    
    1203.0      0.47643    
    1204.0      0.47723    
    1205.0      0.47803    
    1206.0      0.47883    
    1207.0      0.47963    
    1208.0      0.48043    
    1209.0      0.48123    
    1210.0      0.48202    
    1211.0      0.48282    
    1212.0      0.48361    
    1213.0      0.48441    
    1214.0      0.48520    
    1215.0      0.48599    
    1216.0      0.48678    
    1217.0      0.48757    
    1218.0      0.48835    
    1219.0      0.48914    
    1220.0      0.48993    
    1221.0      0.49071    
    1222.0      0.49149    
    1223.0      0.49227    
    1224.0      0.49305    
    1225.0      0.49383    
    1226.0      0.49461    
    1227.0      0.49539    
    1228.0      0.49616    
    1229.0      0.49694    
    1230.0      0.49771    
    1231.0      0.49848    
    1232.0      0.49926    
    1233.0      0.50003    
    1234.0      0.50080    
    1235.0      0.50158    
    1236.0      0.50235    
    1237.0      0.50312    
    1238.0      0.50388    
    1239.0      0.50465    
    1240.0      0.50542    
    1241.0      0.50618    
    1242.0      0.50694    
    1243.0      0.50771    
    1244.0      0.50847    
    1245.0      0.50923    
    1246.0      0.50999    
    1247.0      0.51074    
    1248.0      0.51150    
    1249.0      0.51226    
    1250.0      0.51301    
    1251.0      0.51376    
    1252.0      0.51452    
    1253.0      0.51527    
    1254.0      0.51603    
    1255.0      0.51678    
    1256.0      0.51753    
    1257.0      0.51828    
    1258.0      0.51903    
    1259.0      0.51978    
    1260.0      0.52052    
    1261.0      0.52127    
    1262.0      0.52201    
    1263.0      0.52276    
    1264.0      0.52350    
    1265.0      0.52424    
    1266.0      0.52498    
    1267.0      0.52572    
    1268.0      0.52645    
    1269.0      0.52719    
    1270.0      0.52793    
    1271.0      0.52866    
    1272.0      0.52939    
    1273.0      0.53013    
    1274.0      0.53087    
    1275.0      0.53160    
    1276.0      0.53234    
    1277.0      0.53307    
    1278.0      0.53380    
    1279.0      0.53453    
    1280.0      0.53526    
    1281.0      0.53599    
    1282.0      0.53671    
    1283.0      0.53744    
    1284.0      0.53816    
    1285.0      0.53889    
    1286.0      0.53961    
    1287.0      0.54033    
    1288.0      0.54105    
    1289.0      0.54177    
    1290.0      0.54248    
    1291.0      0.54320    
    1292.0      0.54392    
    1293.0      0.54463    
    1294.0      0.54534    
    1295.0      0.54605    
    1296.0      0.54676    
    1297.0      0.54747    
    1298.0      0.54818    
    1299.0      0.54889    
    1300.0      0.54959    
    1301.0      0.55030    
    1302.0      0.55100    
    1303.0      0.55170    
    1304.0      0.55240    
    1305.0      0.55310    
    1306.0      0.55380    
    1307.0      0.55450    
    1308.0      0.55520    
    1309.0      0.55589    
    1310.0      0.55658    
    1311.0      0.55728    
    1312.0      0.55797    
    1313.0      0.55866    
    1314.0      0.55935    
    1315.0      0.56004    
    1316.0      0.56073    
    1317.0      0.56141    
    1318.0      0.56210    
    1319.0      0.56278    
    1320.0      0.56346    
    1321.0      0.56414    
    1322.0      0.56482    
    1323.0      0.56550    
    1324.0      0.56618    
    1325.0      0.56686    
    1326.0      0.56754    
    1327.0      0.56821    
    1328.0      0.56888    
    1329.0      0.56956    
    1330.0      0.57023    
    1331.0      0.57090    
    1332.0      0.57157    
    1333.0      0.57224    
    1334.0      0.57290    
    1335.0      0.57357    
    1336.0      0.57423    
    1337.0      0.57490    
    1338.0      0.57556    
    1339.0      0.57622    
    1340.0      0.57688    
    1341.0      0.57754    
    1342.0      0.57820    
    1343.0      0.57886    
    1344.0      0.57951    
    1345.0      0.58017    
    1346.0      0.58082    
    1347.0      0.58147    
    1348.0      0.58212    
    1349.0      0.58278    
    1350.0      0.58342    
    1351.0      0.58407    
    1352.0      0.58472    
    1353.0      0.58537    
    1354.0      0.58601    
    1355.0      0.58665    
    1356.0      0.58730    
    1357.0      0.58794    
    1358.0      0.58858    
    1359.0      0.58922    
    1360.0      0.58986    
    1361.0      0.59049    
    1362.0      0.59113    
    1363.0      0.59176    
    1364.0      0.59240    
    1365.0      0.59303    
    1366.0      0.59366    
    1367.0      0.59429    
    1368.0      0.59492    
    1369.0      0.59555    
    1370.0      0.59618    
    1371.0      0.59681    
    1372.0      0.59743    
    1373.0      0.59805    
    1374.0      0.59868    
    1375.0      0.59930    
    1376.0      0.59992    
    1377.0      0.60054    
    1378.0      0.60116    
    1379.0      0.60178    
    1380.0      0.60239    
    1381.0      0.60301    
    1382.0      0.60362    
    1383.0      0.60424    
    1384.0      0.60485    
    1385.0      0.60546    
    1386.0      0.60607    
    1387.0      0.60668    
    1388.0      0.60729    
    1389.0      0.60790    
    1390.0      0.60850    
    1391.0      0.60911    
    1392.0      0.60971    
    1393.0      0.61032    
    1394.0      0.61092    
    1395.0      0.61152    
    1396.0      0.61212    
    1397.0      0.61272    
    1398.0      0.61331    
    1399.0      0.61391    
    1400.0      0.61451    
    1401.0      0.61510    
    1402.0      0.61570    
    1403.0      0.61629    
    1404.0      0.61688    
    1405.0      0.61747    
    1406.0      0.61806    
    1407.0      0.61865    
    1408.0      0.61924    
    1409.0      0.61982    
    1410.0      0.62041    
    1411.0      0.62100    
    1412.0      0.62158    
    1413.0      0.62216    
    1414.0      0.62274    
    1415.0      0.62332    
    1416.0      0.62390    
    1417.0      0.62448    
    1418.0      0.62506    
    1419.0      0.62564    
    1420.0      0.62621    
    1421.0      0.62679    
    1422.0      0.62736    
    1423.0      0.62793    
    1424.0      0.62850    
    1425.0      0.62907    
    1426.0      0.62964    
    1427.0      0.63021    
    1428.0      0.63078    
    1429.0      0.63135    
    1430.0      0.63191    
    1431.0      0.63248    
    1432.0      0.63304    
    1433.0      0.63360    
    1434.0      0.63416    
    1435.0      0.63472    
    1436.0      0.63528    
    1437.0      0.63584    
    1438.0      0.63640    
    1439.0      0.63696    
    1440.0      0.63751    
    1441.0      0.63807    
    1442.0      0.63862    
    1443.0      0.63917    
    1444.0      0.63972    
    1445.0      0.64027    
    1446.0      0.64082    
    1447.0      0.64137    
    1448.0      0.64192    
    1449.0      0.64247    
    1450.0      0.64302    
    1451.0      0.64356    
    1452.0      0.64411    
    1453.0      0.64465    
    1454.0      0.64519    
    1455.0      0.64573    
    1456.0      0.64628    
    1457.0      0.64682    
    1458.0      0.64735    
    1459.0      0.64789    
    1460.0      0.64843    
    1461.0      0.64897    
    1462.0      0.64950    
    1463.0      0.65003    
    1464.0      0.65057    
    1465.0      0.65110    
    1466.0      0.65163    
    1467.0      0.65216    
    1468.0      0.65269    
    1469.0      0.65322    
    1470.0      0.65375    
    1471.0      0.65428    
    1472.0      0.65480    
    1473.0      0.65533    
    1474.0      0.65586    
    1475.0      0.65638    
    1476.0      0.65690    
    1477.0      0.65743    
    1478.0      0.65795    
    1479.0      0.65847    
    1480.0      0.65899    
    1481.0      0.65951    
    1482.0      0.66002    
    1483.0      0.66054    
    1484.0      0.66106    
    1485.0      0.66157    
    1486.0      0.66209    
    1487.0      0.66260    
    1488.0      0.66311    
    1489.0      0.66362    
    1490.0      0.66413    
    1491.0      0.66464    
    1492.0      0.66515    
    1493.0      0.66566    
    1494.0      0.66617    
    1495.0      0.66668    
    1496.0      0.66719    
    1497.0      0.66770    
    1498.0      0.66821    
    1499.0      0.66872    
    1500.0      0.66922    
    1501.0      0.66973    
    1502.0      0.67023    
    1503.0      0.67074    
    1504.0      0.67124    
    1505.0      0.67174    
    1506.0      0.67224    
    1507.0      0.67274    
    1508.0      0.67324    
    1509.0      0.67374    
    1510.0      0.67424    
    1511.0      0.67473    
    1512.0      0.67523    
    1513.0      0.67572    
    1514.0      0.67622    
    1515.0      0.67671    
    1516.0      0.67720    
    1517.0      0.67769    
    1518.0      0.67818    
    1519.0      0.67867    
    1520.0      0.67916    
    1521.0      0.67965    
    1522.0      0.68014    
    1523.0      0.68063    
    1524.0      0.68111    
    1525.0      0.68160    
    1526.0      0.68208    
    1527.0      0.68256    
    1528.0      0.68304    
    1529.0      0.68352    
    1530.0      0.68401    
    1531.0      0.68448    
    1532.0      0.68496    
    1533.0      0.68544    
    1534.0      0.68592    
    1535.0      0.68639    
    1536.0      0.68687    
    1537.0      0.68734    
    1538.0      0.68782    
    1539.0      0.68829    
    1540.0      0.68876    
    1541.0      0.68923    
    1542.0      0.68970    
    1543.0      0.69017    
    1544.0      0.69064    
    1545.0      0.69111    
    1546.0      0.69157    
    1547.0      0.69204    
    1548.0      0.69250    
    1549.0      0.69297    
    1550.0      0.69343    
    1551.0      0.69389    
    1552.0      0.69435    
    1553.0      0.69481    
    1554.0      0.69527    
    1555.0      0.69573    
    1556.0      0.69619    
    1557.0      0.69665    
    1558.0      0.69710    
    1559.0      0.69756    
    1560.0      0.69801    
    1561.0      0.69847    
    1562.0      0.69892    
    1563.0      0.69937    
    1564.0      0.69983    
    1565.0      0.70028    
    1566.0      0.70073    
    1567.0      0.70118    
    1568.0      0.70162    
    1569.0      0.70207    
    1570.0      0.70252    
    1571.0      0.70297    
    1572.0      0.70341    
    1573.0      0.70386    
    1574.0      0.70430    
    1575.0      0.70474    
    1576.0      0.70518    
    1577.0      0.70563    
    1578.0      0.70607    
    1579.0      0.70651    
    1580.0      0.70695    
    1581.0      0.70738    
    1582.0      0.70782    
    1583.0      0.70826    
    1584.0      0.70869    
    1585.0      0.70913    
    1586.0      0.70956    
    1587.0      0.71000    
    1588.0      0.71043    
    1589.0      0.71086    
    1590.0      0.71129    
    1591.0      0.71172    
    1592.0      0.71215    
    1593.0      0.71258    
    1594.0      0.71301    
    1595.0      0.71344    
    1596.0      0.71386    
    1597.0      0.71429    
    1598.0      0.71471    
    1599.0      0.71514    
    1600.0      0.71556    
    1601.0      0.71598    
    1602.0      0.71641    
    1603.0      0.71683    
    1604.0      0.71725    
    1605.0      0.71767    
    1606.0      0.71809    
    1607.0      0.71850    
    1608.0      0.71892    
    1609.0      0.71934    
    1610.0      0.71975    
    1611.0      0.72017    
    1612.0      0.72058    
    1613.0      0.72100    
    1614.0      0.72141    
    1615.0      0.72182    
    1616.0      0.72223    
    1617.0      0.72264    
    1618.0      0.72305    
    1619.0      0.72346    
    1620.0      0.72387    
    1621.0      0.72428    
    1622.0      0.72469    
    1623.0      0.72509    
    1624.0      0.72550    
    1625.0      0.72590    
    1626.0      0.72631    
    1627.0      0.72671    
    1628.0      0.72711    
    1629.0      0.72751    
    1630.0      0.72792    
    1631.0      0.72832    
    1632.0      0.72872    
    1633.0      0.72911    
    1634.0      0.72951    
    1635.0      0.72991    
    1636.0      0.73031    
    1637.0      0.73070    
    1638.0      0.73110    
    1639.0      0.73149    
    1640.0      0.73189    
    1641.0      0.73228    
    1642.0      0.73267    
    1643.0      0.73306    
    1644.0      0.73346    
    1645.0      0.73385    
    1646.0      0.73424    
    1647.0      0.73463    
    1648.0      0.73501    
    1649.0      0.73540    
    1650.0      0.73579    
    1651.0      0.73617    
    1652.0      0.73656    
    1653.0      0.73695    
    1654.0      0.73733    
    1655.0      0.73771    
    1656.0      0.73810    
    1657.0      0.73848    
    1658.0      0.73886    
    1659.0      0.73924    
    1660.0      0.73962    
    1661.0      0.74000    
    1662.0      0.74038    
    1663.0      0.74076    
    1664.0      0.74114    
    1665.0      0.74151    
    1666.0      0.74189    
    1667.0      0.74226    
    1668.0      0.74264    
    1669.0      0.74301    
    1670.0      0.74339    
    1671.0      0.74376    
    1672.0      0.74413    
    1673.0      0.74450    
    1674.0      0.74487    
    1675.0      0.74524    
    1676.0      0.74561    
    1677.0      0.74598    
    1678.0      0.74635    
    1679.0      0.74672    
    1680.0      0.74708    
    1681.0      0.74745    
    1682.0      0.74781    
    1683.0      0.74818    
    1684.0      0.74854    
    1685.0      0.74891    
    1686.0      0.74927    
    1687.0      0.74963    
    1688.0      0.74999    
    1689.0      0.75035    
    1690.0      0.75072    
    1691.0      0.75107    
    1692.0      0.75143    
    1693.0      0.75179    
    1694.0      0.75215    
    1695.0      0.75251    
    1696.0      0.75286    
    1697.0      0.75322    
    1698.0      0.75357    
    1699.0      0.75393    
    1700.0      0.75428    
    1701.0      0.75464    
    1702.0      0.75499    
    1703.0      0.75534    
    1704.0      0.75569    
    1705.0      0.75604    
    1706.0      0.75639    
    1707.0      0.75674    
    1708.0      0.75709    
    1709.0      0.75744    
    1710.0      0.75779    
    1711.0      0.75813    
    1712.0      0.75848    
    1713.0      0.75883    
    1714.0      0.75917    
    1715.0      0.75952    
    1716.0      0.75986    
    1717.0      0.76020    
    1718.0      0.76055    
    1719.0      0.76089    
    1720.0      0.76123    
    1721.0      0.76157    
    1722.0      0.76191    
    1723.0      0.76225    
    1724.0      0.76259    
    1725.0      0.76293    
    1726.0      0.76327    
    1727.0      0.76361    
    1728.0      0.76395    
    1729.0      0.76429    
    1730.0      0.76462    
    1731.0      0.76496    
    1732.0      0.76530    
    1733.0      0.76563    
    1734.0      0.76597    
    1735.0      0.76630    
    1736.0      0.76664    
    1737.0      0.76697    
    1738.0      0.76731    
    1739.0      0.76764    
    1740.0      0.76797    
    1741.0      0.76830    
    1742.0      0.76863    
    1743.0      0.76896    
    1744.0      0.76929    
    1745.0      0.76962    
    1746.0      0.76995    
    1747.0      0.77028    
    1748.0      0.77060    
    1749.0      0.77093    
    1750.0      0.77126    
    1751.0      0.77158    
    1752.0      0.77191    
    1753.0      0.77223    
    1754.0      0.77256    
    1755.0      0.77288    
    1756.0      0.77320    
    1757.0      0.77353    
    1758.0      0.77385    
    1759.0      0.77417    
    1760.0      0.77449    
    1761.0      0.77481    
    1762.0      0.77513    
    1763.0      0.77545    
    1764.0      0.77577    
    1765.0      0.77609    
    1766.0      0.77641    
    1767.0      0.77673    
    1768.0      0.77704    
    1769.0      0.77736    
    1770.0      0.77767    
    1771.0      0.77799    
    1772.0      0.77830    
    1773.0      0.77862    
    1774.0      0.77893    
    1775.0      0.77924    
    1776.0      0.77956    
    1777.0      0.77987    
    1778.0      0.78018    
    1779.0      0.78049    
    1780.0      0.78080    
    1781.0      0.78111    
    1782.0      0.78142    
    1783.0      0.78173    
    1784.0      0.78203    
    1785.0      0.78234    
    1786.0      0.78265    
    1787.0      0.78296    
    1788.0      0.78326    
    1789.0      0.78357    
    1790.0      0.78387    
    1791.0      0.78418    
    1792.0      0.78448    
    1793.0      0.78479    
    1794.0      0.78509    
    1795.0      0.78539    
    1796.0      0.78569    
    1797.0      0.78599    
    1798.0      0.78629    
    1799.0      0.78660    
    1800.0      0.78689    
    1801.0      0.78719    
    1802.0      0.78749    
    1803.0      0.78779    
    1804.0      0.78809    
    1805.0      0.78839    
    1806.0      0.78868    
    1807.0      0.78898    
    1808.0      0.78927    
    1809.0      0.78957    
    1810.0      0.78986    
    1811.0      0.79016    
    1812.0      0.79045    
    1813.0      0.79074    
    1814.0      0.79104    
    1815.0      0.79133    
    1816.0      0.79162    
    1817.0      0.79191    
    1818.0      0.79220    
    1819.0      0.79249    
    1820.0      0.79278    
    1821.0      0.79307    
    1822.0      0.79336    
    1823.0      0.79365    
    1824.0      0.79393    
    1825.0      0.79422    
    1826.0      0.79451    
    1827.0      0.79479    
    1828.0      0.79508    
    1829.0      0.79536    
    1830.0      0.79565    
    1831.0      0.79593    
    1832.0      0.79621    
    1833.0      0.79650    
    1834.0      0.79678    
    1835.0      0.79706    
    1836.0      0.79734    
    1837.0      0.79762    
    1838.0      0.79790    
    1839.0      0.79818    
    1840.0      0.79846    
    1841.0      0.79874    
    1842.0      0.79902    
    1843.0      0.79930    
    1844.0      0.79958    
    1845.0      0.79985    
    1846.0      0.80013    
    1847.0      0.80041    
    1848.0      0.80068    
    1849.0      0.80096    
    1850.0      0.80123    
    1851.0      0.80151    
    1852.0      0.80178    
    1853.0      0.80205    
    1854.0      0.80233    
    1855.0      0.80260    
    1856.0      0.80287    
    1857.0      0.80314    
    1858.0      0.80341    
    1859.0      0.80368    
    1860.0      0.80395    
    1861.0      0.80422    
    1862.0      0.80449    
    1863.0      0.80476    
    1864.0      0.80503    
    1865.0      0.80529    
    1866.0      0.80556    
    1867.0      0.80583    
    1868.0      0.80609    
    1869.0      0.80636    
    1870.0      0.80662    
    1871.0      0.80689    
    1872.0      0.80715    
    1873.0      0.80742    
    1874.0      0.80768    
    1875.0      0.80794    
    1876.0      0.80821    
    1877.0      0.80847    
    1878.0      0.80873    
    1879.0      0.80899    
    1880.0      0.80925    
    1881.0      0.80951    
    1882.0      0.80977    
    1883.0      0.81003    
    1884.0      0.81029    
    1885.0      0.81055    
    1886.0      0.81081    
    1887.0      0.81106    
    1888.0      0.81132    
    1889.0      0.81158    
    1890.0      0.81183    
    1891.0      0.81209    
    1892.0      0.81234    
    1893.0      0.81260    
    1894.0      0.81285    
    1895.0      0.81311    
    1896.0      0.81336    
    1897.0      0.81361    
    1898.0      0.81387    
    1899.0      0.81412    
    1900.0      0.81437    
    1901.0      0.81462    
    1902.0      0.81487    
    1903.0      0.81512    
    1904.0      0.81537    
    1905.0      0.81562    
    1906.0      0.81587    
    1907.0      0.81612    
    1908.0      0.81637    
    1909.0      0.81662    
    1910.0      0.81686    
    1911.0      0.81711    
    1912.0      0.81736    
    1913.0      0.81760    
    1914.0      0.81785    
    1915.0      0.81810    
    1916.0      0.81834    
    1917.0      0.81859    
    1918.0      0.81883    
    1919.0      0.81907    
    1920.0      0.81932    
    1921.0      0.81956    
    1922.0      0.81980    
    1923.0      0.82004    
    1924.0      0.82028    
    1925.0      0.82053    
    1926.0      0.82077    
    1927.0      0.82101    
    1928.0      0.82125    
    1929.0      0.82149    
    1930.0      0.82173    
    1931.0      0.82196    
    1932.0      0.82220    
    1933.0      0.82244    
    1934.0      0.82268    
    1935.0      0.82292    
    1936.0      0.82315    
    1937.0      0.82339    
    1938.0      0.82362    
    1939.0      0.82386    
    1940.0      0.82410    
    1941.0      0.82433    
    1942.0      0.82456    
    1943.0      0.82480    
    1944.0      0.82503    
    1945.0      0.82526    
    1946.0      0.82550    
    1947.0      0.82573    
    1948.0      0.82596    
    1949.0      0.82619    
    1950.0      0.82642    
    1951.0      0.82665    
    1952.0      0.82689    
    1953.0      0.82712    
    1954.0      0.82734    
    1955.0      0.82757    
    1956.0      0.82780    
    1957.0      0.82803    
    1958.0      0.82826    
    1959.0      0.82849    
    1960.0      0.82871    
    1961.0      0.82894    
    1962.0      0.82917    
    1963.0      0.82939    
    1964.0      0.82962    
    1965.0      0.82984    
    1966.0      0.83007    
    1967.0      0.83029    
    1968.0      0.83052    
    1969.0      0.83074    
    1970.0      0.83097    
    1971.0      0.83119    
    1972.0      0.83141    
    1973.0      0.83163    
    1974.0      0.83186    
    1975.0      0.83208    
    1976.0      0.83230    
    1977.0      0.83252    
    1978.0      0.83274    
    1979.0      0.83296    
    1980.0      0.83318    
    1981.0      0.83340    
    1982.0      0.83362    
    1983.0      0.83384    
    1984.0      0.83405    
    1985.0      0.83427    
    1986.0      0.83449    
    1987.0      0.83471    
    1988.0      0.83492    
    1989.0      0.83514    
    1990.0      0.83536    
    1991.0      0.83557    
    1992.0      0.83579    
    1993.0      0.83600    
    1994.0      0.83621    
    1995.0      0.83643    
    1996.0      0.83664    
    1997.0      0.83685    
    1998.0      0.83706    
    1999.0      0.83727    
    2000.0      0.83748    
    2001.0      0.83769    
    2002.0      0.83790    
    2003.0      0.83811    
    2004.0      0.83832    
    2005.0      0.83853    
    2006.0      0.83874    
    2007.0      0.83895    
    2008.0      0.83916    
    2009.0      0.83937    
    2010.0      0.83957    
    2011.0      0.83978    
    2012.0      0.83999    
    2013.0      0.84019    
    2014.0      0.84040    
    2015.0      0.84060    
    2016.0      0.84081    
    2017.0      0.84101    
    2018.0      0.84122    
    2019.0      0.84142    
    2020.0      0.84163    
    2021.0      0.84183    
    2022.0      0.84203    
    2023.0      0.84224    
    2024.0      0.84244    
    2025.0      0.84264    
    2026.0      0.84285    
    2027.0      0.84305    
    2028.0      0.84325    
    2029.0      0.84346    
    2030.0      0.84366    
    2031.0      0.84386    
    2032.0      0.84407    
    2033.0      0.84427    
    2034.0      0.84447    
    2035.0      0.84467    
    2036.0      0.84487    
    2037.0      0.84507    
    2038.0      0.84527    
    2039.0      0.84547    
    2040.0      0.84567    
    2041.0      0.84587    
    2042.0      0.84607    
    2043.0      0.84627    
    2044.0      0.84647    
    2045.0      0.84667    
    2046.0      0.84686    
    2047.0      0.84706    
    2048.0      0.84726    
    2049.0      0.84745    
    2050.0      0.84765    
    2051.0      0.84785    
    2052.0      0.84804    
    2053.0      0.84824    
    2054.0      0.84843    
    2055.0      0.84863    
    2056.0      0.84882    
    2057.0      0.84902    
    2058.0      0.84921    
    2059.0      0.84940    
    2060.0      0.84960    
    2061.0      0.84979    
    2062.0      0.84998    
    2063.0      0.85018    
    2064.0      0.85037    
    2065.0      0.85056    
    2066.0      0.85075    
    2067.0      0.85094    
    2068.0      0.85113    
    2069.0      0.85132    
    2070.0      0.85152    
    2071.0      0.85171    
    2072.0      0.85189    
    2073.0      0.85208    
    2074.0      0.85227    
    2075.0      0.85246    
    2076.0      0.85265    
    2077.0      0.85284    
    2078.0      0.85303    
    2079.0      0.85321    
    2080.0      0.85340    
    2081.0      0.85359    
    2082.0      0.85377    
    2083.0      0.85396    
    2084.0      0.85415    
    2085.0      0.85433    
    2086.0      0.85452    
    2087.0      0.85470    
    2088.0      0.85489    
    2089.0      0.85507    
    2090.0      0.85526    
    2091.0      0.85544    
    2092.0      0.85562    
    2093.0      0.85581    
    2094.0      0.85599    
    2095.0      0.85617    
    2096.0      0.85635    
    2097.0      0.85654    
    2098.0      0.85672    
    2099.0      0.85690    
    2100.0      0.85708    
    2101.0      0.85726    
    2102.0      0.85744    
    2103.0      0.85762    
    2104.0      0.85780    
    2105.0      0.85798    
    2106.0      0.85816    
    2107.0      0.85834    
    2108.0      0.85852    
    2109.0      0.85870    
    2110.0      0.85888    
    2111.0      0.85906    
    2112.0      0.85923    
    2113.0      0.85941    
    2114.0      0.85959    
    2115.0      0.85977    
    2116.0      0.85994    
    2117.0      0.86012    
    2118.0      0.86029    
    2119.0      0.86047    
    2120.0      0.86065    
    2121.0      0.86082    
    2122.0      0.86100    
    2123.0      0.86117    
    2124.0      0.86135    
    2125.0      0.86152    
    2126.0      0.86169    
    2127.0      0.86187    
    2128.0      0.86204    
    2129.0      0.86221    
    2130.0      0.86239    
    2131.0      0.86256    
    2132.0      0.86273    
    2133.0      0.86290    
    2134.0      0.86307    
    2135.0      0.86325    
    2136.0      0.86342    
    2137.0      0.86359    
    2138.0      0.86376    
    2139.0      0.86393    
    2140.0      0.86410    
    2141.0      0.86427    
    2142.0      0.86444    
    2143.0      0.86461    
    2144.0      0.86478    
    2145.0      0.86494    
    2146.0      0.86511    
    2147.0      0.86528    
    2148.0      0.86545    
    2149.0      0.86562    
    2150.0      0.86578    
    2151.0      0.86595    
    2152.0      0.86612    
    2153.0      0.86628    
    2154.0      0.86645    
    2155.0      0.86662    
    2156.0      0.86678    
    2157.0      0.86695    
    2158.0      0.86711    
    2159.0      0.86728    
    2160.0      0.86744    
    2161.0      0.86761    
    2162.0      0.86777    
    2163.0      0.86794    
    2164.0      0.86810    
    2165.0      0.86826    
    2166.0      0.86843    
    2167.0      0.86859    
    2168.0      0.86875    
    2169.0      0.86891    
    2170.0      0.86908    
    2171.0      0.86924    
    2172.0      0.86940    
    2173.0      0.86956    
    2174.0      0.86972    
    2175.0      0.86988    
    2176.0      0.87004    
    2177.0      0.87020    
    2178.0      0.87036    
    2179.0      0.87052    
    2180.0      0.87068    
    2181.0      0.87084    
    2182.0      0.87100    
    2183.0      0.87116    
    2184.0      0.87132    
    2185.0      0.87148    
    2186.0      0.87164    
    2187.0      0.87179    
    2188.0      0.87195    
    2189.0      0.87211    
    2190.0      0.87227    
    2191.0      0.87242    
    2192.0      0.87258    
    2193.0      0.87274    
    2194.0      0.87289    
    2195.0      0.87305    
    2196.0      0.87320    
    2197.0      0.87336    
    2198.0      0.87351    
    2199.0      0.87367    
    2200.0      0.87382    
    2201.0      0.87398    
    2202.0      0.87413    
    2203.0      0.87429    
    2204.0      0.87444    
    2205.0      0.87459    
    2206.0      0.87475    
    2207.0      0.87490    
    2208.0      0.87505    
    2209.0      0.87521    
    2210.0      0.87536    
    2211.0      0.87551    
    2212.0      0.87566    
    2213.0      0.87581    
    2214.0      0.87596    
    2215.0      0.87612    
    2216.0      0.87627    
    2217.0      0.87642    
    2218.0      0.87657    
    2219.0      0.87672    
    2220.0      0.87687    
    2221.0      0.87702    
    2222.0      0.87717    
    2223.0      0.87732    
    2224.0      0.87747    
    2225.0      0.87761    
    2226.0      0.87776    
    2227.0      0.87791    
    2228.0      0.87806    
    2229.0      0.87821    
    2230.0      0.87835    
    2231.0      0.87850    
    2232.0      0.87865    
    2233.0      0.87880    
    2234.0      0.87894    
    2235.0      0.87909    
    2236.0      0.87924    
    2237.0      0.87938    
    2238.0      0.87953    
    2239.0      0.87967    
    2240.0      0.87982    
    2241.0      0.87996    
    2242.0      0.88011    
    2243.0      0.88025    
    2244.0      0.88040    
    2245.0      0.88054    
    2246.0      0.88069    
    2247.0      0.88083    
    2248.0      0.88097    
    2249.0      0.88112    
    2250.0      0.88126    
    2251.0      0.88140    
    2252.0      0.88155    
    2253.0      0.88169    
    2254.0      0.88183    
    2255.0      0.88197    
    2256.0      0.88211    
    2257.0      0.88226    
    2258.0      0.88240    
    2259.0      0.88254    
    2260.0      0.88268    
    2261.0      0.88282    
    2262.0      0.88296    
    2263.0      0.88310    
    2264.0      0.88324    
    2265.0      0.88338    
    2266.0      0.88352    
    2267.0      0.88366    
    2268.0      0.88380    
    2269.0      0.88394    
    2270.0      0.88408    
    2271.0      0.88422    
    2272.0      0.88435    
    2273.0      0.88449    
    2274.0      0.88463    
    2275.0      0.88477    
    2276.0      0.88491    
    2277.0      0.88504    
    2278.0      0.88518    
    2279.0      0.88532    
    2280.0      0.88545    
    2281.0      0.88559    
    2282.0      0.88573    
    2283.0      0.88586    
    2284.0      0.88600    
    2285.0      0.88613    
    2286.0      0.88627    
    2287.0      0.88641    
    2288.0      0.88654    
    2289.0      0.88668    
    2290.0      0.88681    
    2291.0      0.88694    
    2292.0      0.88708    
    2293.0      0.88721    
    2294.0      0.88735    
    2295.0      0.88748    
    2296.0      0.88761    
    2297.0      0.88775    
    2298.0      0.88788    
    2299.0      0.88801    
    2300.0      0.88815    
    2301.0      0.88828    
    2302.0      0.88841    
    2303.0      0.88854    
    2304.0      0.88867    
    2305.0      0.88881    
    2306.0      0.88894    
    2307.0      0.88907    
    2308.0      0.88920    
    2309.0      0.88933    
    2310.0      0.88946    
    2311.0      0.88959    
    2312.0      0.88972    
    2313.0      0.88985    
    2314.0      0.88998    
    2315.0      0.89011    
    2316.0      0.89024    
    2317.0      0.89037    
    2318.0      0.89050    
    2319.0      0.89063    
    2320.0      0.89076    
    2321.0      0.89088    
    2322.0      0.89101    
    2323.0      0.89114    
    2324.0      0.89127    
    2325.0      0.89140    
    2326.0      0.89152    
    2327.0      0.89165    
    2328.0      0.89178    
    2329.0      0.89191    
    2330.0      0.89203    
    2331.0      0.89216    
    2332.0      0.89228    
    2333.0      0.89241    
    2334.0      0.89254    
    2335.0      0.89266    
    2336.0      0.89279    
    2337.0      0.89291    
    2338.0      0.89304    
    2339.0      0.89316    
    2340.0      0.89329    
    2341.0      0.89341    
    2342.0      0.89354    
    2343.0      0.89366    
    2344.0      0.89379    
    2345.0      0.89391    
    2346.0      0.89403    
    2347.0      0.89416    
    2348.0      0.89428    
    2349.0      0.89440    
    2350.0      0.89453    
    2351.0      0.89465    
    2352.0      0.89477    
    2353.0      0.89490    
    2354.0      0.89502    
    2355.0      0.89514    
    2356.0      0.89526    
    2357.0      0.89538    
    2358.0      0.89551    
    2359.0      0.89563    
    2360.0      0.89575    
    2361.0      0.89587    
    2362.0      0.89599    
    2363.0      0.89611    
    2364.0      0.89623    
    2365.0      0.89635    
    2366.0      0.89647    
    2367.0      0.89659    
    2368.0      0.89671    
    2369.0      0.89683    
    2370.0      0.89695    
    2371.0      0.89707    
    2372.0      0.89719    
    2373.0      0.89731    
    2374.0      0.89743    
    2375.0      0.89754    
    2376.0      0.89766    
    2377.0      0.89778    
    2378.0      0.89790    
    2379.0      0.89802    
    2380.0      0.89813    
    2381.0      0.89825    
    2382.0      0.89837    
    2383.0      0.89849    
    2384.0      0.89860    
    2385.0      0.89872    
    2386.0      0.89884    
    2387.0      0.89895    
    2388.0      0.89907    
    2389.0      0.89919    
    2390.0      0.89930    
    2391.0      0.89942    
    2392.0      0.89953    
    2393.0      0.89965    
    2394.0      0.89976    
    2395.0      0.89988    
    2396.0      0.89999    
    2397.0      0.90011    
    2398.0      0.90022    
    2399.0      0.90034    
    2400.0      0.90045    
    2401.0      0.90057    
    2402.0      0.90068    
    2403.0      0.90079    
    2404.0      0.90091    
    2405.0      0.90102    
    2406.0      0.90113    
    2407.0      0.90125    
    2408.0      0.90136    
    2409.0      0.90147    
    2410.0      0.90158    
    2411.0      0.90170    
    2412.0      0.90181    
    2413.0      0.90192    
    2414.0      0.90203    
    2415.0      0.90214    
    2416.0      0.90226    
    2417.0      0.90237    
    2418.0      0.90248    
    2419.0      0.90259    
    2420.0      0.90270    
    2421.0      0.90281    
    2422.0      0.90292    
    2423.0      0.90303    
    2424.0      0.90314    
    2425.0      0.90325    
    2426.0      0.90336    
    2427.0      0.90347    
    2428.0      0.90358    
    2429.0      0.90369    
    2430.0      0.90380    
    2431.0      0.90391    
    2432.0      0.90402    
    2433.0      0.90413    
    2434.0      0.90424    
    2435.0      0.90435    
    2436.0      0.90445    
    2437.0      0.90456    
    2438.0      0.90467    
    2439.0      0.90478    
    2440.0      0.90489    
    2441.0      0.90499    
    2442.0      0.90510    
    2443.0      0.90521    
    2444.0      0.90531    
    2445.0      0.90542    
    2446.0      0.90553    
    2447.0      0.90564    
    2448.0      0.90574    
    2449.0      0.90585    
    2450.0      0.90595    
    2451.0      0.90606    
    2452.0      0.90617    
    2453.0      0.90627    
    2454.0      0.90638    
    2455.0      0.90648    
    2456.0      0.90659    
    2457.0      0.90669    
    2458.0      0.90680    
    2459.0      0.90690    
    2460.0      0.90701    
    2461.0      0.90711    
    2462.0      0.90722    
    2463.0      0.90732    
    2464.0      0.90742    
    2465.0      0.90753    
    2466.0      0.90763    
    2467.0      0.90774    
    2468.0      0.90784    
    2469.0      0.90794    
    2470.0      0.90805    
    2471.0      0.90815    
    2472.0      0.90825    
    2473.0      0.90835    
    2474.0      0.90846    
    2475.0      0.90856    
    2476.0      0.90866    
    2477.0      0.90876    
    2478.0      0.90887    
    2479.0      0.90897    
    2480.0      0.90907    
    2481.0      0.90917    
    2482.0      0.90927    
    2483.0      0.90937    
    2484.0      0.90947    
    2485.0      0.90957    
    2486.0      0.90968    
    2487.0      0.90978    
    2488.0      0.90988    
    2489.0      0.90998    
    2490.0      0.91008    
    2491.0      0.91018    
    2492.0      0.91028    
    2493.0      0.91038    
    2494.0      0.91048    
    2495.0      0.91058    
    2496.0      0.91068    
    2497.0      0.91077    
    2498.0      0.91087    
    2499.0      0.91097    
    2500.0      0.91107    
    2501.0      0.91117    
    2502.0      0.91127    
    2503.0      0.91137    
    2504.0      0.91147    
    2505.0      0.91156    
    2506.0      0.91166    
    2507.0      0.91176    
    2508.0      0.91186    
    2509.0      0.91195    
    2510.0      0.91205    
    2511.0      0.91215    
    2512.0      0.91225    
    2513.0      0.91234    
    2514.0      0.91244    
    2515.0      0.91254    
    2516.0      0.91263    
    2517.0      0.91273    
    2518.0      0.91283    
    2519.0      0.91292    
    2520.0      0.91302    
    2521.0      0.91311    
    2522.0      0.91321    
    2523.0      0.91331    
    2524.0      0.91340    
    2525.0      0.91350    
    2526.0      0.91359    
    2527.0      0.91369    
    2528.0      0.91378    
    2529.0      0.91388    
    2530.0      0.91397    
    2531.0      0.91407    
    2532.0      0.91416    
    2533.0      0.91425    
    2534.0      0.91435    
    2535.0      0.91444    
    2536.0      0.91454    
    2537.0      0.91463    
    2538.0      0.91472    
    2539.0      0.91482    
    2540.0      0.91491    
    2541.0      0.91500    
    2542.0      0.91510    
    2543.0      0.91519    
    2544.0      0.91528    
    2545.0      0.91537    
    2546.0      0.91547    
    2547.0      0.91556    
    2548.0      0.91565    
    2549.0      0.91574    
    2550.0      0.91584    
    2551.0      0.91593    
    2552.0      0.91602    
    2553.0      0.91611    
    2554.0      0.91620    
    2555.0      0.91629    
    2556.0      0.91639    
    2557.0      0.91648    
    2558.0      0.91657    
    2559.0      0.91666    
    2560.0      0.91675    
    2561.0      0.91684    
    2562.0      0.91693    
    2563.0      0.91702    
    2564.0      0.91711    
    2565.0      0.91720    
    2566.0      0.91729    
    2567.0      0.91738    
    2568.0      0.91747    
    2569.0      0.91756    
    2570.0      0.91765    
    2571.0      0.91774    
    2572.0      0.91783    
    2573.0      0.91792    
    2574.0      0.91801    
    2575.0      0.91809    
    2576.0      0.91818    
    2577.0      0.91827    
    2578.0      0.91836    
    2579.0      0.91845    
    2580.0      0.91854    
    2581.0      0.91863    
    2582.0      0.91871    
    2583.0      0.91880    
    2584.0      0.91889    
    2585.0      0.91898    
    2586.0      0.91906    
    2587.0      0.91915    
    2588.0      0.91924    
    2589.0      0.91933    
    2590.0      0.91941    
    2591.0      0.91950    
    2592.0      0.91959    
    2593.0      0.91967    
    2594.0      0.91976    
    2595.0      0.91985    
    2596.0      0.91993    
    2597.0      0.92002    
    2598.0      0.92011    
    2599.0      0.92019    
    2600.0      0.92028    
    2601.0      0.92036    
    2602.0      0.92045    
    2603.0      0.92053    
    2604.0      0.92062    
    2605.0      0.92070    
    2606.0      0.92079    
    2607.0      0.92087    
    2608.0      0.92096    
    2609.0      0.92104    
    2610.0      0.92113    
    2611.0      0.92121    
    2612.0      0.92130    
    2613.0      0.92138    
    2614.0      0.92147    
    2615.0      0.92155    
    2616.0      0.92163    
    2617.0      0.92172    
    2618.0      0.92180    
    2619.0      0.92189    
    2620.0      0.92197    
    2621.0      0.92205    
    2622.0      0.92214    
    2623.0      0.92222    
    2624.0      0.92230    
    2625.0      0.92238    
    2626.0      0.92247    
    2627.0      0.92255    
    2628.0      0.92263    
    2629.0      0.92271    
    2630.0      0.92280    
    2631.0      0.92288    
    2632.0      0.92296    
    2633.0      0.92304    
    2634.0      0.92313    
    2635.0      0.92321    
    2636.0      0.92329    
    2637.0      0.92337    
    2638.0      0.92345    
    2639.0      0.92353    
    2640.0      0.92361    
    2641.0      0.92370    
    2642.0      0.92378    
    2643.0      0.92386    
    2644.0      0.92394    
    2645.0      0.92402    
    2646.0      0.92410    
    2647.0      0.92418    
    2648.0      0.92426    
    2649.0      0.92434    
    2650.0      0.92442    
    2651.0      0.92450    
    2652.0      0.92458    
    2653.0      0.92466    
    2654.0      0.92474    
    2655.0      0.92482    
    2656.0      0.92490    
    2657.0      0.92498    
    2658.0      0.92506    
    2659.0      0.92514    
    2660.0      0.92521    
    2661.0      0.92529    
    2662.0      0.92537    
    2663.0      0.92545    
    2664.0      0.92553    
    2665.0      0.92561    
    2666.0      0.92569    
    2667.0      0.92576    
    2668.0      0.92584    
    2669.0      0.92592    
    2670.0      0.92600    
    2671.0      0.92608    
    2672.0      0.92615    
    2673.0      0.92623    
    2674.0      0.92631    
    2675.0      0.92639    
    2676.0      0.92646    
    2677.0      0.92654    
    2678.0      0.92662    
    2679.0      0.92670    
    2680.0      0.92677    
    2681.0      0.92685    
    2682.0      0.92693    
    2683.0      0.92700    
    2684.0      0.92708    
    2685.0      0.92716    
    2686.0      0.92723    
    2687.0      0.92731    
    2688.0      0.92738    
    2689.0      0.92746    
    2690.0      0.92754    
    2691.0      0.92761    
    2692.0      0.92769    
    2693.0      0.92776    
    2694.0      0.92784    
    2695.0      0.92791    
    2696.0      0.92799    
    2697.0      0.92806    
    2698.0      0.92814    
    2699.0      0.92821    
    2700.0      0.92829    
    2701.0      0.92836    
    2702.0      0.92844    
    2703.0      0.92851    
    2704.0      0.92859    
    2705.0      0.92866    
    2706.0      0.92874    
    2707.0      0.92881    
    2708.0      0.92888    
    2709.0      0.92896    
    2710.0      0.92903    
    2711.0      0.92911    
    2712.0      0.92918    
    2713.0      0.92925    
    2714.0      0.92933    
    2715.0      0.92940    
    2716.0      0.92947    
    2717.0      0.92955    
    2718.0      0.92962    
    2719.0      0.92969    
    2720.0      0.92977    
    2721.0      0.92984    
    2722.0      0.92991    
    2723.0      0.92998    
    2724.0      0.93006    
    2725.0      0.93013    
    2726.0      0.93020    
    2727.0      0.93027    
    2728.0      0.93035    
    2729.0      0.93042    
    2730.0      0.93049    
    2731.0      0.93056    
    2732.0      0.93063    
    2733.0      0.93070    
    2734.0      0.93078    
    2735.0      0.93085    
    2736.0      0.93092    
    2737.0      0.93099    
    2738.0      0.93106    
    2739.0      0.93113    
    2740.0      0.93120    
    2741.0      0.93127    
    2742.0      0.93134    
    2743.0      0.93142    
    2744.0      0.93149    
    2745.0      0.93156    
    2746.0      0.93163    
    2747.0      0.93170    
    2748.0      0.93177    
    2749.0      0.93184    
    2750.0      0.93191    
    2751.0      0.93198    
    2752.0      0.93205    
    2753.0      0.93212    
    2754.0      0.93219    
    2755.0      0.93226    
    2756.0      0.93233    
    2757.0      0.93240    
    2758.0      0.93246    
    2759.0      0.93253    
    2760.0      0.93260    
    2761.0      0.93267    
    2762.0      0.93274    
    2763.0      0.93281    
    2764.0      0.93288    
    2765.0      0.93295    
    2766.0      0.93302    
    2767.0      0.93308    
    2768.0      0.93315    
    2769.0      0.93322    
    2770.0      0.93329    
    2771.0      0.93336    
    2772.0      0.93342    
    2773.0      0.93349    
    2774.0      0.93356    
    2775.0      0.93363    
    2776.0      0.93370    
    2777.0      0.93376    
    2778.0      0.93383    
    2779.0      0.93390    
    2780.0      0.93397    
    2781.0      0.93403    
    2782.0      0.93410    
    2783.0      0.93417    
    2784.0      0.93423    
    2785.0      0.93430    
    2786.0      0.93437    
    2787.0      0.93443    
    2788.0      0.93450    
    2789.0      0.93457    
    2790.0      0.93463    
    2791.0      0.93470    
    2792.0      0.93477    
    2793.0      0.93483    
    2794.0      0.93490    
    2795.0      0.93496    
    2796.0      0.93503    
    2797.0      0.93510    
    2798.0      0.93516    
    2799.0      0.93523    
    2800.0      0.93529    
    2801.0      0.93536    
    2802.0      0.93542    
    2803.0      0.93549    
    2804.0      0.93555    
    2805.0      0.93562    
    2806.0      0.93568    
    2807.0      0.93575    
    2808.0      0.93581    
    2809.0      0.93588    
    2810.0      0.93594    
    2811.0      0.93601    
    2812.0      0.93607    
    2813.0      0.93614    
    2814.0      0.93620    
    2815.0      0.93626    
    2816.0      0.93633    
    2817.0      0.93639    
    2818.0      0.93646    
    2819.0      0.93652    
    2820.0      0.93658    
    2821.0      0.93665    
    2822.0      0.93671    
    2823.0      0.93678    
    2824.0      0.93684    
    2825.0      0.93690    
    2826.0      0.93697    
    2827.0      0.93703    
    2828.0      0.93709    
    2829.0      0.93715    
    2830.0      0.93722    
    2831.0      0.93728    
    2832.0      0.93734    
    2833.0      0.93741    
    2834.0      0.93747    
    2835.0      0.93753    
    2836.0      0.93759    
    2837.0      0.93766    
    2838.0      0.93772    
    2839.0      0.93778    
    2840.0      0.93784    
    2841.0      0.93791    
    2842.0      0.93797    
    2843.0      0.93803    
    2844.0      0.93809    
    2845.0      0.93815    
    2846.0      0.93822    
    2847.0      0.93828    
    2848.0      0.93834    
    2849.0      0.93840    
    2850.0      0.93846    
    2851.0      0.93852    
    2852.0      0.93858    
    2853.0      0.93865    
    2854.0      0.93871    
    2855.0      0.93877    
    2856.0      0.93883    
    2857.0      0.93889    
    2858.0      0.93895    
    2859.0      0.93901    
    2860.0      0.93907    
    2861.0      0.93913    
    2862.0      0.93919    
    2863.0      0.93925    
    2864.0      0.93931    
    2865.0      0.93937    
    2866.0      0.93943    
    2867.0      0.93949    
    2868.0      0.93955    
    2869.0      0.93961    
    2870.0      0.93967    
    2871.0      0.93973    
    2872.0      0.93979    
    2873.0      0.93985    
    2874.0      0.93991    
    2875.0      0.93997    
    2876.0      0.94003    
    2877.0      0.94009    
    2878.0      0.94015    
    2879.0      0.94021    
    2880.0      0.94027    
    2881.0      0.94033    
    2882.0      0.94039    
    2883.0      0.94045    
    2884.0      0.94051    
    2885.0      0.94056    
    2886.0      0.94062    
    2887.0      0.94068    
    2888.0      0.94074    
    2889.0      0.94080    
    2890.0      0.94086    
    2891.0      0.94091    
    2892.0      0.94097    
    2893.0      0.94103    
    2894.0      0.94109    
    2895.0      0.94115    
    2896.0      0.94121    
    2897.0      0.94126    
    2898.0      0.94132    
    2899.0      0.94138    
    2900.0      0.94144    
    2901.0      0.94149    
    2902.0      0.94155    
    2903.0      0.94161    
    2904.0      0.94167    
    2905.0      0.94172    
    2906.0      0.94178    
    2907.0      0.94184    
    2908.0      0.94189    
    2909.0      0.94195    
    2910.0      0.94201    
    2911.0      0.94206    
    2912.0      0.94212    
    2913.0      0.94218    
    2914.0      0.94223    
    2915.0      0.94229    
    2916.0      0.94235    
    2917.0      0.94240    
    2918.0      0.94246    
    2919.0      0.94252    
    2920.0      0.94257    
    2921.0      0.94263    
    2922.0      0.94268    
    2923.0      0.94274    
    2924.0      0.94280    
    2925.0      0.94285    
    2926.0      0.94291    
    2927.0      0.94296    
    2928.0      0.94302    
    2929.0      0.94307    
    2930.0      0.94313    
    2931.0      0.94319    
    2932.0      0.94324    
    2933.0      0.94330    
    2934.0      0.94335    
    2935.0      0.94341    
    2936.0      0.94346    
    2937.0      0.94352    
    2938.0      0.94357    
    2939.0      0.94363    
    2940.0      0.94368    
    2941.0      0.94374    
    2942.0      0.94379    
    2943.0      0.94385    
    2944.0      0.94390    
    2945.0      0.94395    
    2946.0      0.94401    
    2947.0      0.94406    
    2948.0      0.94412    
    2949.0      0.94417    
    2950.0      0.94423    
    2951.0      0.94428    
    2952.0      0.94433    
    2953.0      0.94439    
    2954.0      0.94444    
    2955.0      0.94450    
    2956.0      0.94455    
    2957.0      0.94460    
    2958.0      0.94466    
    2959.0      0.94471    
    2960.0      0.94476    
    2961.0      0.94482    
    2962.0      0.94487    
    2963.0      0.94492    
    2964.0      0.94498    
    2965.0      0.94503    
    2966.0      0.94508    
    2967.0      0.94514    
    2968.0      0.94519    
    2969.0      0.94524    
    2970.0      0.94529    
    2971.0      0.94535    
    2972.0      0.94540    
    2973.0      0.94545    
    2974.0      0.94550    
    2975.0      0.94556    
    2976.0      0.94561    
    2977.0      0.94566    
    2978.0      0.94571    
    2979.0      0.94577    
    2980.0      0.94582    
    2981.0      0.94587    
    2982.0      0.94592    
    2983.0      0.94597    
    2984.0      0.94603    
    2985.0      0.94608    
    2986.0      0.94613    
    2987.0      0.94618    
    2988.0      0.94623    
    2989.0      0.94628    
    2990.0      0.94634    
    2991.0      0.94639    
    2992.0      0.94644    
    2993.0      0.94649    
    2994.0      0.94654    
    2995.0      0.94659    
    2996.0      0.94664    
    2997.0      0.94669    
    2998.0      0.94674    
    2999.0      0.94680    
    3000.0      0.94685   
    3001.0      0.94690    
    3002.0      0.94695    
    3003.0      0.94700    
    3004.0      0.94705    
    3005.0      0.94710    
    3006.0      0.94715    
    3007.0      0.94720    
    3008.0      0.94725    
    3009.0      0.94730    
    3010.0      0.94735    
    3011.0      0.94740    
    3012.0      0.94745    
    3013.0      0.94750    
    3014.0      0.94755    
    3015.0      0.94760    
    3016.0      0.94765    
    3017.0      0.94770    
    3018.0      0.94775    
    3019.0      0.94780    
    3020.0      0.94785    
    3021.0      0.94790    
    3022.0      0.94795    
    3023.0      0.94800    
    3024.0      0.94805    
    3025.0      0.94810    
    3026.0      0.94815    
    3027.0      0.94819    
    3028.0      0.94824    
    3029.0      0.94829    
    3030.0      0.94834    
    3031.0      0.94839    
    3032.0      0.94844    
    3033.0      0.94849    
    3034.0      0.94854    
    3035.0      0.94859    
    3036.0      0.94863    
    3037.0      0.94868    
    3038.0      0.94873    
    3039.0      0.94878    
    3040.0      0.94883    
    3041.0      0.94888    
    3042.0      0.94892    
    3043.0      0.94897    
    3044.0      0.94902    
    3045.0      0.94907    
    3046.0      0.94912    
    3047.0      0.94917    
    3048.0      0.94921    
    3049.0      0.94926    
    3050.0      0.94931    
    3051.0      0.94936    
    3052.0      0.94940    
    3053.0      0.94945    
    3054.0      0.94950    
    3055.0      0.94955    
    3056.0      0.94959    
    3057.0      0.94964    
    3058.0      0.94969    
    3059.0      0.94974    
    3060.0      0.94978    
    3061.0      0.94983    
    3062.0      0.94988    
    3063.0      0.94993    
    3064.0      0.94997    
    3065.0      0.95002    
    3066.0      0.95007    
    3067.0      0.95011    
    3068.0      0.95016    
    3069.0      0.95021    
    3070.0      0.95025    
    3071.0      0.95030    
    3072.0      0.95035    
    3073.0      0.95039    
    3074.0      0.95044    
    3075.0      0.95049    
    3076.0      0.95053    
    3077.0      0.95058    
    3078.0      0.95062    
    3079.0      0.95067    
    3080.0      0.95072    
    3081.0      0.95076    
    3082.0      0.95081    
    3083.0      0.95085    
    3084.0      0.95090    
    3085.0      0.95095    
    3086.0      0.95099    
    3087.0      0.95104    
    3088.0      0.95108    
    3089.0      0.95113    
    3090.0      0.95117    
    3091.0      0.95122    
    3092.0      0.95127    
    3093.0      0.95131    
    3094.0      0.95136    
    3095.0      0.95140    
    3096.0      0.95145    
    3097.0      0.95149    
    3098.0      0.95154    
    3099.0      0.95158    
    3100.0      0.95163    
    3101.0      0.95167    
    3102.0      0.95172    
    3103.0      0.95176    
    3104.0      0.95181    
    3105.0      0.95185    
    3106.0      0.95190    
    3107.0      0.95194    
    3108.0      0.95199    
    3109.0      0.95203    
    3110.0      0.95207    
    3111.0      0.95212    
    3112.0      0.95216    
    3113.0      0.95221    
    3114.0      0.95225    
    3115.0      0.95230    
    3116.0      0.95234    
    3117.0      0.95238    
    3118.0      0.95243    
    3119.0      0.95247    
    3120.0      0.95252    
    3121.0      0.95256    
    3122.0      0.95260    
    3123.0      0.95265    
    3124.0      0.95269    
    3125.0      0.95273    
    3126.0      0.95278    
    3127.0      0.95282    
    3128.0      0.95287    
    3129.0      0.95291    
    3130.0      0.95295    
    3131.0      0.95300    
    3132.0      0.95304    
    3133.0      0.95308    
    3134.0      0.95313    
    3135.0      0.95317    
    3136.0      0.95321    
    3137.0      0.95325    
    3138.0      0.95330    
    3139.0      0.95334    
    3140.0      0.95338    
    3141.0      0.95343    
    3142.0      0.95347    
    3143.0      0.95351    
    3144.0      0.95355    
    3145.0      0.95360    
    3146.0      0.95364    
    3147.0      0.95368    
    3148.0      0.95373    
    3149.0      0.95377    
    3150.0      0.95381    
    3151.0      0.95385    
    3152.0      0.95389    
    3153.0      0.95394    
    3154.0      0.95398    
    3155.0      0.95402    
    3156.0      0.95406    
    3157.0      0.95411    
    3158.0      0.95415    
    3159.0      0.95419    
    3160.0      0.95423    
    3161.0      0.95427    
    3162.0      0.95431    
    3163.0      0.95436    
    3164.0      0.95440    
    3165.0      0.95444    
    3166.0      0.95448    
    3167.0      0.95452    
    3168.0      0.95456    
    3169.0      0.95461    
    3170.0      0.95465    
    3171.0      0.95469    
    3172.0      0.95473    
    3173.0      0.95477    
    3174.0      0.95481    
    3175.0      0.95485    
    3176.0      0.95489    
    3177.0      0.95494    
    3178.0      0.95498    
    3179.0      0.95502    
    3180.0      0.95506    
    3181.0      0.95510    
    3182.0      0.95514    
    3183.0      0.95518    
    3184.0      0.95522    
    3185.0      0.95526    
    3186.0      0.95530    
    3187.0      0.95534    
    3188.0      0.95538    
    3189.0      0.95542    
    3190.0      0.95547    
    3191.0      0.95551    
    3192.0      0.95555    
    3193.0      0.95559    
    3194.0      0.95563    
    3195.0      0.95567    
    3196.0      0.95571    
    3197.0      0.95575    
    3198.0      0.95579    
    3199.0      0.95583    
    3200.0      0.95587    
    3201.0      0.95591    
    3202.0      0.95595    
    3203.0      0.95599    
    3204.0      0.95603    
    3205.0      0.95607    
    3206.0      0.95611    
    3207.0      0.95615    
    3208.0      0.95619    
    3209.0      0.95622    
    3210.0      0.95626    
    3211.0      0.95630    
    3212.0      0.95634    
    3213.0      0.95638    
    3214.0      0.95642    
    3215.0      0.95646    
    3216.0      0.95650    
    3217.0      0.95654    
    3218.0      0.95658    
    3219.0      0.95662    
    3220.0      0.95666    
    3221.0      0.95670    
    3222.0      0.95673    
    3223.0      0.95677    
    3224.0      0.95681    
    3225.0      0.95685    
    3226.0      0.95689    
    3227.0      0.95693    
    3228.0      0.95697    
    3229.0      0.95701    
    3230.0      0.95704    
    3231.0      0.95708    
    3232.0      0.95712    
    3233.0      0.95716    
    3234.0      0.95720    
    3235.0      0.95724    
    3236.0      0.95728    
    3237.0      0.95731    
    3238.0      0.95735    
    3239.0      0.95739    
    3240.0      0.95743    
    3241.0      0.95747    
    3242.0      0.95750    
    3243.0      0.95754    
    3244.0      0.95758    
    3245.0      0.95762    
    3246.0      0.95766    
    3247.0      0.95769    
    3248.0      0.95773    
    3249.0      0.95777    
    3250.0      0.95781    
    3251.0      0.95785    
    3252.0      0.95788    
    3253.0      0.95792    
    3254.0      0.95796    
    3255.0      0.95800    
    3256.0      0.95803    
    3257.0      0.95807    
    3258.0      0.95811    
    3259.0      0.95814    
    3260.0      0.95818    
    3261.0      0.95822    
    3262.0      0.95826    
    3263.0      0.95829    
    3264.0      0.95833    
    3265.0      0.95837    
    3266.0      0.95840    
    3267.0      0.95844    
    3268.0      0.95848    
    3269.0      0.95852    
    3270.0      0.95855    
    3271.0      0.95859    
    3272.0      0.95863    
    3273.0      0.95866    
    3274.0      0.95870    
    3275.0      0.95874    
    3276.0      0.95877    
    3277.0      0.95881    
    3278.0      0.95885    
    3279.0      0.95888    
    3280.0      0.95892    
    3281.0      0.95895    
    3282.0      0.95899    
    3283.0      0.95903    
    3284.0      0.95906    
    3285.0      0.95910    
    3286.0      0.95914    
    3287.0      0.95917    
    3288.0      0.95921    
    3289.0      0.95924    
    3290.0      0.95928    
    3291.0      0.95932    
    3292.0      0.95935    
    3293.0      0.95939    
    3294.0      0.95942    
    3295.0      0.95946    
    3296.0      0.95950    
    3297.0      0.95953    
    3298.0      0.95957    
    3299.0      0.95960    
    3300.0      0.95964    
    3301.0      0.95967    
    3302.0      0.95971    
    3303.0      0.95975    
    3304.0      0.95978    
    3305.0      0.95982    
    3306.0      0.95985    
    3307.0      0.95989    
    3308.0      0.95992    
    3309.0      0.95996    
    3310.0      0.95999    
    3311.0      0.96003    
    3312.0      0.96006    
    3313.0      0.96010    
    3314.0      0.96013    
    3315.0      0.96017    
    3316.0      0.96020    
    3317.0      0.96024    
    3318.0      0.96027    
    3319.0      0.96031    
    3320.0      0.96034    
    3321.0      0.96038    
    3322.0      0.96041    
    3323.0      0.96045    
    3324.0      0.96048    
    3325.0      0.96052    
    3326.0      0.96055    
    3327.0      0.96059    
    3328.0      0.96062    
    3329.0      0.96065    
    3330.0      0.96069    
    3331.0      0.96072    
    3332.0      0.96076    
    3333.0      0.96079    
    3334.0      0.96083    
    3335.0      0.96086    
    3336.0      0.96089    
    3337.0      0.96093    
    3338.0      0.96096    
    3339.0      0.96100    
    3340.0      0.96103    
    3341.0      0.96106    
    3342.0      0.96110    
    3343.0      0.96113    
    3344.0      0.96117    
    3345.0      0.96120    
    3346.0      0.96123    
    3347.0      0.96127    
    3348.0      0.96130    
    3349.0      0.96134    
    3350.0      0.96137    
    3351.0      0.96140    
    3352.0      0.96144    
    3353.0      0.96147    
    3354.0      0.96150    
    3355.0      0.96154    
    3356.0      0.96157    
    3357.0      0.96160    
    3358.0      0.96164    
    3359.0      0.96167    
    3360.0      0.96170    
    3361.0      0.96174    
    3362.0      0.96177    
    3363.0      0.96180    
    3364.0      0.96184    
    3365.0      0.96187    
    3366.0      0.96190    
    3367.0      0.96193    
    3368.0      0.96197    
    3369.0      0.96200    
    3370.0      0.96203    
    3371.0      0.96207    
    3372.0      0.96210    
    3373.0      0.96213    
    3374.0      0.96216    
    3375.0      0.96220    
    3376.0      0.96223    
    3377.0      0.96226    
    3378.0      0.96230    
    3379.0      0.96233    
    3380.0      0.96236    
    3381.0      0.96239    
    3382.0      0.96243    
    3383.0      0.96246    
    3384.0      0.96249    
    3385.0      0.96252    
    3386.0      0.96255    
    3387.0      0.96259    
    3388.0      0.96262    
    3389.0      0.96265    
    3390.0      0.96268    
    3391.0      0.96272    
    3392.0      0.96275    
    3393.0      0.96278    
    3394.0      0.96281    
    3395.0      0.96284    
    3396.0      0.96288    
    3397.0      0.96291    
    3398.0      0.96294    
    3399.0      0.96297    
    3400.0      0.96300    
    3401.0      0.96304    
    3402.0      0.96307    
    3403.0      0.96310    
    3404.0      0.96313    
    3405.0      0.96316    
    3406.0      0.96319    
    3407.0      0.96323    
    3408.0      0.96326    
    3409.0      0.96329    
    3410.0      0.96332    
    3411.0      0.96335    
    3412.0      0.96338    
    3413.0      0.96341    
    3414.0      0.96345    
    3415.0      0.96348    
    3416.0      0.96351    
    3417.0      0.96354    
    3418.0      0.96357    
    3419.0      0.96360    
    3420.0      0.96363    
    3421.0      0.96366    
    3422.0      0.96369    
    3423.0      0.96373    
    3424.0      0.96376    
    3425.0      0.96379    
    3426.0      0.96382    
    3427.0      0.96385    
    3428.0      0.96388    
    3429.0      0.96391    
    3430.0      0.96394    
    3431.0      0.96397    
    3432.0      0.96400    
    3433.0      0.96403    
    3434.0      0.96406    
    3435.0      0.96410    
    3436.0      0.96413    
    3437.0      0.96416    
    3438.0      0.96419    
    3439.0      0.96422    
    3440.0      0.96425    
    3441.0      0.96428    
    3442.0      0.96431    
    3443.0      0.96434    
    3444.0      0.96437    
    3445.0      0.96440    
    3446.0      0.96443    
    3447.0      0.96446    
    3448.0      0.96449    
    3449.0      0.96452    
    3450.0      0.96455    
    3451.0      0.96458    
    3452.0      0.96461    
    3453.0      0.96464    
    3454.0      0.96467    
    3455.0      0.96470    
    3456.0      0.96473    
    3457.0      0.96476    
    3458.0      0.96479    
    3459.0      0.96482    
    3460.0      0.96485    
    3461.0      0.96488    
    3462.0      0.96491    
    3463.0      0.96494    
    3464.0      0.96497    
    3465.0      0.96500    
    3466.0      0.96503    
    3467.0      0.96506    
    3468.0      0.96509    
    3469.0      0.96512    
    3470.0      0.96515    
    3471.0      0.96518    
    3472.0      0.96521    
    3473.0      0.96523    
    3474.0      0.96526    
    3475.0      0.96529    
    3476.0      0.96532    
    3477.0      0.96535    
    3478.0      0.96538    
    3479.0      0.96541    
    3480.0      0.96544    
    3481.0      0.96547    
    3482.0      0.96550    
    3483.0      0.96553    
    3484.0      0.96556    
    3485.0      0.96558    
    3486.0      0.96561    
    3487.0      0.96564    
    3488.0      0.96567    
    3489.0      0.96570    
    3490.0      0.96573    
    3491.0      0.96576    
    3492.0      0.96579    
    3493.0      0.96581    
    3494.0      0.96584    
    3495.0      0.96587    
    3496.0      0.96590    
    3497.0      0.96593    
    3498.0      0.96596    
    3499.0      0.96599    
    3500.0      0.96602    
    3501.0      0.96604    
    3502.0      0.96607    
    3503.0      0.96610    
    3504.0      0.96613    
    3505.0      0.96616    
    3506.0      0.96619    
    3507.0      0.96621    
    3508.0      0.96624    
    3509.0      0.96627    
    3510.0      0.96630    
    3511.0      0.96633    
    3512.0      0.96636    
    3513.0      0.96638    
    3514.0      0.96641    
    3515.0      0.96644    
    3516.0      0.96647    
    3517.0      0.96650    
    3518.0      0.96652    
    3519.0      0.96655    
    3520.0      0.96658    
    3521.0      0.96661    
    3522.0      0.96664    
    3523.0      0.96666    
    3524.0      0.96669    
    3525.0      0.96672    
    3526.0      0.96675    
    3527.0      0.96677    
    3528.0      0.96680    
    3529.0      0.96683    
    3530.0      0.96686    
    3531.0      0.96688    
    3532.0      0.96691    
    3533.0      0.96694    
    3534.0      0.96697    
    3535.0      0.96699    
    3536.0      0.96702    
    3537.0      0.96705    
    3538.0      0.96708    
    3539.0      0.96710    
    3540.0      0.96713    
    3541.0      0.96716    
    3542.0      0.96719    
    3543.0      0.96721    
    3544.0      0.96724    
    3545.0      0.96727    
    3546.0      0.96729    
    3547.0      0.96732    
    3548.0      0.96735    
    3549.0      0.96738    
    3550.0      0.96740    
    3551.0      0.96743    
    3552.0      0.96746    
    3553.0      0.96748    
    3554.0      0.96751    
    3555.0      0.96754    
    3556.0      0.96756    
    3557.0      0.96759    
    3558.0      0.96762    
    3559.0      0.96765    
    3560.0      0.96767    
    3561.0      0.96770    
    3562.0      0.96773    
    3563.0      0.96775    
    3564.0      0.96778    
    3565.0      0.96781    
    3566.0      0.96783    
    3567.0      0.96786    
    3568.0      0.96788    
    3569.0      0.96791    
    3570.0      0.96794    
    3571.0      0.96796    
    3572.0      0.96799    
    3573.0      0.96802    
    3574.0      0.96804    
    3575.0      0.96807    
    3576.0      0.96810    
    3577.0      0.96812    
    3578.0      0.96815    
    3579.0      0.96817    
    3580.0      0.96820    
    3581.0      0.96823    
    3582.0      0.96825    
    3583.0      0.96828    
    3584.0      0.96831    
    3585.0      0.96833    
    3586.0      0.96836    
    3587.0      0.96838    
    3588.0      0.96841    
    3589.0      0.96844    
    3590.0      0.96846    
    3591.0      0.96849    
    3592.0      0.96851    
    3593.0      0.96854    
    3594.0      0.96856    
    3595.0      0.96859    
    3596.0      0.96862    
    3597.0      0.96864    
    3598.0      0.96867    
    3599.0      0.96869    
    3600.0      0.96872    
    3601.0      0.96874    
    3602.0      0.96877    
    3603.0      0.96880    
    3604.0      0.96882    
    3605.0      0.96885    
    3606.0      0.96887    
    3607.0      0.96890    
    3608.0      0.96892    
    3609.0      0.96895    
    3610.0      0.96897    
    3611.0      0.96900    
    3612.0      0.96902    
    3613.0      0.96905    
    3614.0      0.96907    
    3615.0      0.96910    
    3616.0      0.96913    
    3617.0      0.96915    
    3618.0      0.96918    
    3619.0      0.96920    
    3620.0      0.96923    
    3621.0      0.96925    
    3622.0      0.96928    
    3623.0      0.96930    
    3624.0      0.96933    
    3625.0      0.96935    
    3626.0      0.96938    
    3627.0      0.96940    
    3628.0      0.96943    
    3629.0      0.96945    
    3630.0      0.96948    
    3631.0      0.96950    
    3632.0      0.96953    
    3633.0      0.96955    
    3634.0      0.96958    
    3635.0      0.96960    
    3636.0      0.96962    
    3637.0      0.96965    
    3638.0      0.96967    
    3639.0      0.96970    
    3640.0      0.96972    
    3641.0      0.96975    
    3642.0      0.96977    
    3643.0      0.96980    
    3644.0      0.96982    
    3645.0      0.96985    
    3646.0      0.96987    
    3647.0      0.96989    
    3648.0      0.96992    
    3649.0      0.96994    
    3650.0      0.96997    
    3651.0      0.96999    
    3652.0      0.97002    
    3653.0      0.97004    
    3654.0      0.97006    
    3655.0      0.97009    
    3656.0      0.97011    
    3657.0      0.97014    
    3658.0      0.97016    
    3659.0      0.97019    
    3660.0      0.97021    
    3661.0      0.97023    
    3662.0      0.97026    
    3663.0      0.97028    
    3664.0      0.97031    
    3665.0      0.97033    
    3666.0      0.97035    
    3667.0      0.97038    
    3668.0      0.97040    
    3669.0      0.97042    
    3670.0      0.97045    
    3671.0      0.97047    
    3672.0      0.97050    
    3673.0      0.97052    
    3674.0      0.97054    
    3675.0      0.97057    
    3676.0      0.97059    
    3677.0      0.97061    
    3678.0      0.97064    
    3679.0      0.97066    
    3680.0      0.97069    
    3681.0      0.97071    
    3682.0      0.97073    
    3683.0      0.97076    
    3684.0      0.97078    
    3685.0      0.97080    
    3686.0      0.97083    
    3687.0      0.97085    
    3688.0      0.97087    
    3689.0      0.97090    
    3690.0      0.97092    
    3691.0      0.97094    
    3692.0      0.97097    
    3693.0      0.97099    
    3694.0      0.97101    
    3695.0      0.97104    
    3696.0      0.97106    
    3697.0      0.97108    
    3698.0      0.97111    
    3699.0      0.97113    
    3700.0      0.97115    
    3701.0      0.97118    
    3702.0      0.97120    
    3703.0      0.97122    
    3704.0      0.97124    
    3705.0      0.97127    
    3706.0      0.97129    
    3707.0      0.97131    
    3708.0      0.97134    
    3709.0      0.97136    
    3710.0      0.97138    
    3711.0      0.97140    
    3712.0      0.97143    
    3713.0      0.97145    
    3714.0      0.97147    
    3715.0      0.97150    
    3716.0      0.97152    
    3717.0      0.97154    
    3718.0      0.97156    
    3719.0      0.97159    
    3720.0      0.97161    
    3721.0      0.97163    
    3722.0      0.97165    
    3723.0      0.97168    
    3724.0      0.97170    
    3725.0      0.97172    
    3726.0      0.97174    
    3727.0      0.97177    
    3728.0      0.97179    
    3729.0      0.97181    
    3730.0      0.97183    
    3731.0      0.97186    
    3732.0      0.97188    
    3733.0      0.97190    
    3734.0      0.97192    
    3735.0      0.97195    
    3736.0      0.97197    
    3737.0      0.97199    
    3738.0      0.97201    
    3739.0      0.97203    
    3740.0      0.97206    
    3741.0      0.97208    
    3742.0      0.97210    
    3743.0      0.97212    
    3744.0      0.97215    
    3745.0      0.97217    
    3746.0      0.97219    
    3747.0      0.97221    
    3748.0      0.97223    
    3749.0      0.97226    
    3750.0      0.97228    
    3751.0      0.97230    
    3752.0      0.97232    
    3753.0      0.97234    
    3754.0      0.97236    
    3755.0      0.97239    
    3756.0      0.97241    
    3757.0      0.97243    
    3758.0      0.97245    
    3759.0      0.97247    
    3760.0      0.97250    
    3761.0      0.97252    
    3762.0      0.97254    
    3763.0      0.97256    
    3764.0      0.97258    
    3765.0      0.97260    
    3766.0      0.97263    
    3767.0      0.97265    
    3768.0      0.97267    
    3769.0      0.97269    
    3770.0      0.97271    
    3771.0      0.97273    
    3772.0      0.97275    
    3773.0      0.97278    
    3774.0      0.97280    
    3775.0      0.97282    
    3776.0      0.97284    
    3777.0      0.97286    
    3778.0      0.97288    
    3779.0      0.97290    
    3780.0      0.97293    
    3781.0      0.97295    
    3782.0      0.97297    
    3783.0      0.97299    
    3784.0      0.97301    
    3785.0      0.97303    
    3786.0      0.97305    
    3787.0      0.97307    
    3788.0      0.97309    
    3789.0      0.97312    
    3790.0      0.97314    
    3791.0      0.97316    
    3792.0      0.97318    
    3793.0      0.97320    
    3794.0      0.97322    
    3795.0      0.97324    
    3796.0      0.97326    
    3797.0      0.97328    
    3798.0      0.97330    
    3799.0      0.97333    
    3800.0      0.97335    
    3801.0      0.97337    
    3802.0      0.97339    
    3803.0      0.97341    
    3804.0      0.97343    
    3805.0      0.97345    
    3806.0      0.97347    
    3807.0      0.97349    
    3808.0      0.97351    
    3809.0      0.97353    
    3810.0      0.97355    
    3811.0      0.97357    
    3812.0      0.97360    
    3813.0      0.97362    
    3814.0      0.97364    
    3815.0      0.97366    
    3816.0      0.97368    
    3817.0      0.97370    
    3818.0      0.97372    
    3819.0      0.97374    
    3820.0      0.97376    
    3821.0      0.97378    
    3822.0      0.97380    
    3823.0      0.97382    
    3824.0      0.97384    
    3825.0      0.97386    
    3826.0      0.97388    
    3827.0      0.97390    
    3828.0      0.97392    
    3829.0      0.97394    
    3830.0      0.97396    
    3831.0      0.97398    
    3832.0      0.97400    
    3833.0      0.97402    
    3834.0      0.97404    
    3835.0      0.97406    
    3836.0      0.97408    
    3837.0      0.97410    
    3838.0      0.97412    
    3839.0      0.97414    
    3840.0      0.97416    
    3841.0      0.97418    
    3842.0      0.97420    
    3843.0      0.97422    
    3844.0      0.97424    
    3845.0      0.97426    
    3846.0      0.97428    
    3847.0      0.97430    
    3848.0      0.97432    
    3849.0      0.97434    
    3850.0      0.97436    
    3851.0      0.97438    
    3852.0      0.97440    
    3853.0      0.97442    
    3854.0      0.97444    
    3855.0      0.97446    
    3856.0      0.97448    
    3857.0      0.97450    
    3858.0      0.97452    
    3859.0      0.97454    
    3860.0      0.97456    
    3861.0      0.97458    
    3862.0      0.97460    
    3863.0      0.97462    
    3864.0      0.97464    
    3865.0      0.97466    
    3866.0      0.97468    
    3867.0      0.97470    
    3868.0      0.97472    
    3869.0      0.97474    
    3870.0      0.97476    
    3871.0      0.97478    
    3872.0      0.97480    
    3873.0      0.97482    
    3874.0      0.97483    
    3875.0      0.97485    
    3876.0      0.97487    
    3877.0      0.97489    
    3878.0      0.97491    
    3879.0      0.97493    
    3880.0      0.97495    
    3881.0      0.97497    
    3882.0      0.97499    
    3883.0      0.97501    
    3884.0      0.97503    
    3885.0      0.97505    
    3886.0      0.97507    
    3887.0      0.97508    
    3888.0      0.97510    
    3889.0      0.97512    
    3890.0      0.97514    
    3891.0      0.97516    
    3892.0      0.97518    
    3893.0      0.97520    
    3894.0      0.97522    
    3895.0      0.97524    
    3896.0      0.97526    
    3897.0      0.97527    
    3898.0      0.97529    
    3899.0      0.97531    
    3900.0      0.97533    
    3901.0      0.97535    
    3902.0      0.97537    
    3903.0      0.97539    
    3904.0      0.97541    
    3905.0      0.97543    
    3906.0      0.97544    
    3907.0      0.97546    
    3908.0      0.97548    
    3909.0      0.97550    
    3910.0      0.97552    
    3911.0      0.97554    
    3912.0      0.97556    
    3913.0      0.97558    
    3914.0      0.97559    
    3915.0      0.97561    
    3916.0      0.97563    
    3917.0      0.97565    
    3918.0      0.97567    
    3919.0      0.97569    
    3920.0      0.97571    
    3921.0      0.97572    
    3922.0      0.97574    
    3923.0      0.97576    
    3924.0      0.97578    
    3925.0      0.97580    
    3926.0      0.97582    
    3927.0      0.97583    
    3928.0      0.97585    
    3929.0      0.97587    
    3930.0      0.97589    
    3931.0      0.97591    
    3932.0      0.97593    
    3933.0      0.97594    
    3934.0      0.97596    
    3935.0      0.97598    
    3936.0      0.97600    
    3937.0      0.97602    
    3938.0      0.97604    
    3939.0      0.97605    
    3940.0      0.97607    
    3941.0      0.97609    
    3942.0      0.97611    
    3943.0      0.97613    
    3944.0      0.97614    
    3945.0      0.97616    
    3946.0      0.97618    
    3947.0      0.97620    
    3948.0      0.97622    
    3949.0      0.97623    
    3950.0      0.97625    
    3951.0      0.97627    
    3952.0      0.97629    
    3953.0      0.97631    
    3954.0      0.97632    
    3955.0      0.97634    
    3956.0      0.97636    
    3957.0      0.97638    
    3958.0      0.97640    
    3959.0      0.97641    
    3960.0      0.97643    
    3961.0      0.97645    
    3962.0      0.97647    
    3963.0      0.97649    
    3964.0      0.97650    
    3965.0      0.97652    
    3966.0      0.97654    
    3967.0      0.97656    
    3968.0      0.97657    
    3969.0      0.97659    
    3970.0      0.97661    
    3971.0      0.97663    
    3972.0      0.97664    
    3973.0      0.97666    
    3974.0      0.97668    
    3975.0      0.97670    
    3976.0      0.97671    
    3977.0      0.97673    
    3978.0      0.97675    
    3979.0      0.97677    
    3980.0      0.97678    
    3981.0      0.97680    
    3982.0      0.97682    
    3983.0      0.97684    
    3984.0      0.97685    
    3985.0      0.97687    
    3986.0      0.97689    
    3987.0      0.97691    
    3988.0      0.97692    
    3989.0      0.97694    
    3990.0      0.97696    
    3991.0      0.97698    
    3992.0      0.97699    
    3993.0      0.97701    
    3994.0      0.97703    
    3995.0      0.97704    
    3996.0      0.97706    
    3997.0      0.97708    
    3998.0      0.97710    
    3999.0      0.97711    
    4000.0      0.97713    
    4001.0      0.97715    
    4002.0      0.97716    
    4003.0      0.97718    
    4004.0      0.97720    
    4005.0      0.97722    
    4006.0      0.97723    
    4007.0      0.97725    
    4008.0      0.97727    
    4009.0      0.97728    
    4010.0      0.97730    
    4011.0      0.97732    
    4012.0      0.97733    
    4013.0      0.97735    
    4014.0      0.97737    
    4015.0      0.97738    
    4016.0      0.97740    
    4017.0      0.97742    
    4018.0      0.97743    
    4019.0      0.97745    
    4020.0      0.97747    
    4021.0      0.97749    
    4022.0      0.97750    
    4023.0      0.97752    
    4024.0      0.97754    
    4025.0      0.97755    
    4026.0      0.97757    
    4027.0      0.97759    
    4028.0      0.97760    
    4029.0      0.97762    
    4030.0      0.97764    
    4031.0      0.97765    
    4032.0      0.97767    
    4033.0      0.97769    
    4034.0      0.97770    
    4035.0      0.97772    
    4036.0      0.97773    
    4037.0      0.97775    
    4038.0      0.97777    
    4039.0      0.97778    
    4040.0      0.97780    
    4041.0      0.97782    
    4042.0      0.97783    
    4043.0      0.97785    
    4044.0      0.97787    
    4045.0      0.97788    
    4046.0      0.97790    
    4047.0      0.97792    
    4048.0      0.97793    
    4049.0      0.97795    
    4050.0      0.97796    
    4051.0      0.97798    
    4052.0      0.97800    
    4053.0      0.97801    
    4054.0      0.97803    
    4055.0      0.97805    
    4056.0      0.97806    
    4057.0      0.97808    
    4058.0      0.97810    
    4059.0      0.97811    
    4060.0      0.97813    
    4061.0      0.97814    
    4062.0      0.97816    
    4063.0      0.97818    
    4064.0      0.97819    
    4065.0      0.97821    
    4066.0      0.97822    
    4067.0      0.97824    
    4068.0      0.97826    
    4069.0      0.97827    
    4070.0      0.97829    
    4071.0      0.97830    
    4072.0      0.97832    
    4073.0      0.97834    
    4074.0      0.97835    
    4075.0      0.97837    
    4076.0      0.97838    
    4077.0      0.97840    
    4078.0      0.97842    
    4079.0      0.97843    
    4080.0      0.97845    
    4081.0      0.97846    
    4082.0      0.97848    
    4083.0      0.97850    
    4084.0      0.97851    
    4085.0      0.97853    
    4086.0      0.97854    
    4087.0      0.97856    
    4088.0      0.97857    
    4089.0      0.97859    
    4090.0      0.97861    
    4091.0      0.97862    
    4092.0      0.97864    
    4093.0      0.97865    
    4094.0      0.97867    
    4095.0      0.97868    
    4096.0      0.97870    
    4097.0      0.97872    
    4098.0      0.97873    
    4099.0      0.97875    
    4100.0      0.97876    
    4101.0      0.97878    
    4102.0      0.97879    
    4103.0      0.97881    
    4104.0      0.97882    
    4105.0      0.97884    
    4106.0      0.97885    
    4107.0      0.97887    
    4108.0      0.97889    
    4109.0      0.97890    
    4110.0      0.97892    
    4111.0      0.97893    
    4112.0      0.97895    
    4113.0      0.97896    
    4114.0      0.97898    
    4115.0      0.97899    
    4116.0      0.97901    
    4117.0      0.97902    
    4118.0      0.97904    
    4119.0      0.97905    
    4120.0      0.97907    
    4121.0      0.97909    
    4122.0      0.97910    
    4123.0      0.97912    
    4124.0      0.97913    
    4125.0      0.97915    
    4126.0      0.97916    
    4127.0      0.97918    
    4128.0      0.97919    
    4129.0      0.97921    
    4130.0      0.97922    
    4131.0      0.97924    
    4132.0      0.97925    
    4133.0      0.97927    
    4134.0      0.97928    
    4135.0      0.97930    
    4136.0      0.97931    
    4137.0      0.97933    
    4138.0      0.97934    
    4139.0      0.97936    
    4140.0      0.97937    
    4141.0      0.97939    
    4142.0      0.97940    
    4143.0      0.97942    
    4144.0      0.97943    
    4145.0      0.97945    
    4146.0      0.97946    
    4147.0      0.97948    
    4148.0      0.97949    
    4149.0      0.97951    
    4150.0      0.97952    
    4151.0      0.97954    
    4152.0      0.97955    
    4153.0      0.97957    
    4154.0      0.97958    
    4155.0      0.97960    
    4156.0      0.97961    
    4157.0      0.97963    
    4158.0      0.97964    
    4159.0      0.97965    
    4160.0      0.97967    
    4161.0      0.97968    
    4162.0      0.97970    
    4163.0      0.97971    
    4164.0      0.97973    
    4165.0      0.97974    
    4166.0      0.97976    
    4167.0      0.97977    
    4168.0      0.97979    
    4169.0      0.97980    
    4170.0      0.97982    
    4171.0      0.97983    
    4172.0      0.97985    
    4173.0      0.97986    
    4174.0      0.97987    
    4175.0      0.97989    
    4176.0      0.97990    
    4177.0      0.97992    
    4178.0      0.97993    
    4179.0      0.97995    
    4180.0      0.97996    
    4181.0      0.97998    
    4182.0      0.97999    
    4183.0      0.98000    
    4184.0      0.98002    
    4185.0      0.98003    
    4186.0      0.98005    
    4187.0      0.98006    
    4188.0      0.98008    
    4189.0      0.98009    
    4190.0      0.98010    
    4191.0      0.98012    
    4192.0      0.98013    
    4193.0      0.98015    
    4194.0      0.98016    
    4195.0      0.98018    
    4196.0      0.98019    
    4197.0      0.98020    
    4198.0      0.98022    
    4199.0      0.98023    
    4200.0      0.98025    
    4201.0      0.98026    
    4202.0      0.98027    
    4203.0      0.98029    
    4204.0      0.98030    
    4205.0      0.98032    
    4206.0      0.98033    
    4207.0      0.98035    
    4208.0      0.98036    
    4209.0      0.98037    
    4210.0      0.98039    
    4211.0      0.98040    
    4212.0      0.98042    
    4213.0      0.98043    
    4214.0      0.98044    
    4215.0      0.98046    
    4216.0      0.98047    
    4217.0      0.98049    
    4218.0      0.98050    
    4219.0      0.98051    
    4220.0      0.98053    
    4221.0      0.98054    
    4222.0      0.98055    
    4223.0      0.98057    
    4224.0      0.98058    
    4225.0      0.98060    
    4226.0      0.98061    
    4227.0      0.98062    
    4228.0      0.98064    
    4229.0      0.98065    
    4230.0      0.98067    
    4231.0      0.98068    
    4232.0      0.98069    
    4233.0      0.98071    
    4234.0      0.98072    
    4235.0      0.98073    
    4236.0      0.98075    
    4237.0      0.98076    
    4238.0      0.98077    
    4239.0      0.98079    
    4240.0      0.98080    
    4241.0      0.98082    
    4242.0      0.98083    
    4243.0      0.98084    
    4244.0      0.98086    
    4245.0      0.98087    
    4246.0      0.98088    
    4247.0      0.98090    
    4248.0      0.98091    
    4249.0      0.98092    
    4250.0      0.98094    
    4251.0      0.98095    
    4252.0      0.98097    
    4253.0      0.98098    
    4254.0      0.98099    
    4255.0      0.98101    
    4256.0      0.98102    
    4257.0      0.98103    
    4258.0      0.98105    
    4259.0      0.98106    
    4260.0      0.98107    
    4261.0      0.98109    
    4262.0      0.98110    
    4263.0      0.98111    
    4264.0      0.98113    
    4265.0      0.98114    
    4266.0      0.98115    
    4267.0      0.98117    
    4268.0      0.98118    
    4269.0      0.98119    
    4270.0      0.98121    
    4271.0      0.98122    
    4272.0      0.98123    
    4273.0      0.98125    
    4274.0      0.98126    
    4275.0      0.98127    
    4276.0      0.98129    
    4277.0      0.98130    
    4278.0      0.98131    
    4279.0      0.98132    
    4280.0      0.98134    
    4281.0      0.98135    
    4282.0      0.98136    
    4283.0      0.98138    
    4284.0      0.98139    
    4285.0      0.98140    
    4286.0      0.98142    
    4287.0      0.98143    
    4288.0      0.98144    
    4289.0      0.98146    
    4290.0      0.98147    
    4291.0      0.98148    
    4292.0      0.98149    
    4293.0      0.98151    
    4294.0      0.98152    
    4295.0      0.98153    
    4296.0      0.98155    
    4297.0      0.98156    
    4298.0      0.98157    
    4299.0      0.98159    
    4300.0      0.98160    
    4301.0      0.98161    
    4302.0      0.98162    
    4303.0      0.98164    
    4304.0      0.98165    
    4305.0      0.98166    
    4306.0      0.98168    
    4307.0      0.98169    
    4308.0      0.98170    
    4309.0      0.98171    
    4310.0      0.98173    
    4311.0      0.98174    
    4312.0      0.98175    
    4313.0      0.98177    
    4314.0      0.98178    
    4315.0      0.98179    
    4316.0      0.98180    
    4317.0      0.98182    
    4318.0      0.98183    
    4319.0      0.98184    
    4320.0      0.98185    
    4321.0      0.98187    
    4322.0      0.98188    
    4323.0      0.98189    
    4324.0      0.98190    
    4325.0      0.98192    
    4326.0      0.98193    
    4327.0      0.98194    
    4328.0      0.98196    
    4329.0      0.98197    
    4330.0      0.98198    
    4331.0      0.98199    
    4332.0      0.98201    
    4333.0      0.98202    
    4334.0      0.98203    
    4335.0      0.98204    
    4336.0      0.98206    
    4337.0      0.98207    
    4338.0      0.98208    
    4339.0      0.98209    
    4340.0      0.98211    
    4341.0      0.98212    
    4342.0      0.98213    
    4343.0      0.98214    
    4344.0      0.98216    
    4345.0      0.98217    
    4346.0      0.98218    
    4347.0      0.98219    
    4348.0      0.98220    
    4349.0      0.98222    
    4350.0      0.98223    
    4351.0      0.98224    
    4352.0      0.98225    
    4353.0      0.98227    
    4354.0      0.98228    
    4355.0      0.98229    
    4356.0      0.98230    
    4357.0      0.98232    
    4358.0      0.98233    
    4359.0      0.98234    
    4360.0      0.98235    
    4361.0      0.98236    
    4362.0      0.98238    
    4363.0      0.98239    
    4364.0      0.98240    
    4365.0      0.98241    
    4366.0      0.98243    
    4367.0      0.98244    
    4368.0      0.98245    
    4369.0      0.98246    
    4370.0      0.98247    
    4371.0      0.98249    
    4372.0      0.98250    
    4373.0      0.98251    
    4374.0      0.98252    
    4375.0      0.98253    
    4376.0      0.98255    
    4377.0      0.98256    
    4378.0      0.98257    
    4379.0      0.98258    
    4380.0      0.98259    
    4381.0      0.98261    
    4382.0      0.98262    
    4383.0      0.98263    
    4384.0      0.98264    
    4385.0      0.98265    
    4386.0      0.98267    
    4387.0      0.98268    
    4388.0      0.98269    
    4389.0      0.98270    
    4390.0      0.98271    
    4391.0      0.98273    
    4392.0      0.98274    
    4393.0      0.98275    
    4394.0      0.98276    
    4395.0      0.98277    
    4396.0      0.98278    
    4397.0      0.98280    
    4398.0      0.98281    
    4399.0      0.98282    
    4400.0      0.98283    
    4401.0      0.98284    
    4402.0      0.98286    
    4403.0      0.98287    
    4404.0      0.98288    
    4405.0      0.98289    
    4406.0      0.98290    
    4407.0      0.98291    
    4408.0      0.98293    
    4409.0      0.98294    
    4410.0      0.98295    
    4411.0      0.98296    
    4412.0      0.98297    
    4413.0      0.98298    
    4414.0      0.98300    
    4415.0      0.98301    
    4416.0      0.98302    
    4417.0      0.98303    
    4418.0      0.98304    
    4419.0      0.98305    
    4420.0      0.98307    
    4421.0      0.98308    
    4422.0      0.98309    
    4423.0      0.98310    
    4424.0      0.98311    
    4425.0      0.98312    
    4426.0      0.98313    
    4427.0      0.98315    
    4428.0      0.98316    
    4429.0      0.98317    
    4430.0      0.98318    
    4431.0      0.98319    
    4432.0      0.98320    
    4433.0      0.98322    
    4434.0      0.98323    
    4435.0      0.98324    
    4436.0      0.98325    
    4437.0      0.98326    
    4438.0      0.98327    
    4439.0      0.98328    
    4440.0      0.98330    
    4441.0      0.98331    
    4442.0      0.98332    
    4443.0      0.98333    
    4444.0      0.98334    
    4445.0      0.98335    
    4446.0      0.98336    
    4447.0      0.98337    
    4448.0      0.98339    
    4449.0      0.98340    
    4450.0      0.98341    
    4451.0      0.98342    
    4452.0      0.98343    
    4453.0      0.98344    
    4454.0      0.98345    
    4455.0      0.98346    
    4456.0      0.98348    
    4457.0      0.98349    
    4458.0      0.98350    
    4459.0      0.98351    
    4460.0      0.98352    
    4461.0      0.98353    
    4462.0      0.98354    
    4463.0      0.98355    
    4464.0      0.98357    
    4465.0      0.98358    
    4466.0      0.98359    
    4467.0      0.98360    
    4468.0      0.98361    
    4469.0      0.98362    
    4470.0      0.98363    
    4471.0      0.98364    
    4472.0      0.98365    
    4473.0      0.98367    
    4474.0      0.98368    
    4475.0      0.98369    
    4476.0      0.98370    
    4477.0      0.98371    
    4478.0      0.98372    
    4479.0      0.98373    
    4480.0      0.98374    
    4481.0      0.98375    
    4482.0      0.98376    
    4483.0      0.98378    
    4484.0      0.98379    
    4485.0      0.98380    
    4486.0      0.98381    
    4487.0      0.98382    
    4488.0      0.98383    
    4489.0      0.98384    
    4490.0      0.98385    
    4491.0      0.98386    
    4492.0      0.98387    
    4493.0      0.98388    
    4494.0      0.98389    
    4495.0      0.98391    
    4496.0      0.98392    
    4497.0      0.98393    
    4498.0      0.98394    
    4499.0      0.98395    
    4500.0      0.98396    
    4501.0      0.98397    
    4502.0      0.98398    
    4503.0      0.98399    
    4504.0      0.98400    
    4505.0      0.98401    
    4506.0      0.98402    
    4507.0      0.98404    
    4508.0      0.98405    
    4509.0      0.98406    
    4510.0      0.98407    
    4511.0      0.98408    
    4512.0      0.98409    
    4513.0      0.98410    
    4514.0      0.98411    
    4515.0      0.98412    
    4516.0      0.98413    
    4517.0      0.98414    
    4518.0      0.98415    
    4519.0      0.98416    
    4520.0      0.98417    
    4521.0      0.98418    
    4522.0      0.98419    
    4523.0      0.98421    
    4524.0      0.98422    
    4525.0      0.98423    
    4526.0      0.98424    
    4527.0      0.98425    
    4528.0      0.98426    
    4529.0      0.98427    
    4530.0      0.98428    
    4531.0      0.98429    
    4532.0      0.98430    
    4533.0      0.98431    
    4534.0      0.98432    
    4535.0      0.98433    
    4536.0      0.98434    
    4537.0      0.98435    
    4538.0      0.98436    
    4539.0      0.98437    
    4540.0      0.98438    
    4541.0      0.98439    
    4542.0      0.98440    
    4543.0      0.98441    
    4544.0      0.98443    
    4545.0      0.98444    
    4546.0      0.98445    
    4547.0      0.98446    
    4548.0      0.98447    
    4549.0      0.98448    
    4550.0      0.98449    
    4551.0      0.98450    
    4552.0      0.98451    
    4553.0      0.98452    
    4554.0      0.98453    
    4555.0      0.98454    
    4556.0      0.98455    
    4557.0      0.98456    
    4558.0      0.98457    
    4559.0      0.98458    
    4560.0      0.98459    
    4561.0      0.98460    
    4562.0      0.98461    
    4563.0      0.98462    
    4564.0      0.98463    
    4565.0      0.98464    
    4566.0      0.98465    
    4567.0      0.98466    
    4568.0      0.98467    
    4569.0      0.98468    
    4570.0      0.98469    
    4571.0      0.98470    
    4572.0      0.98471    
    4573.0      0.98472    
    4574.0      0.98473    
    4575.0      0.98474    
    4576.0      0.98475    
    4577.0      0.98476    
    4578.0      0.98477    
    4579.0      0.98478    
    4580.0      0.98479    
    4581.0      0.98480    
    4582.0      0.98481    
    4583.0      0.98482    
    4584.0      0.98483    
    4585.0      0.98484    
    4586.0      0.98485    
    4587.0      0.98486    
    4588.0      0.98487    
    4589.0      0.98488    
    4590.0      0.98489    
    4591.0      0.98490    
    4592.0      0.98491    
    4593.0      0.98492    
    4594.0      0.98493    
    4595.0      0.98494    
    4596.0      0.98495    
    4597.0      0.98496    
    4598.0      0.98497    
    4599.0      0.98498    
    4600.0      0.98499    
    4601.0      0.98500    
    4602.0      0.98501    
    4603.0      0.98502    
    4604.0      0.98503    
    4605.0      0.98504    
    4606.0      0.98505    
    4607.0      0.98506    
    4608.0      0.98507    
    4609.0      0.98508    
    4610.0      0.98509    
    4611.0      0.98510    
    4612.0      0.98511    
    4613.0      0.98512    
    4614.0      0.98513    
    4615.0      0.98514    
    4616.0      0.98515    
    4617.0      0.98516    
    4618.0      0.98517    
    4619.0      0.98518    
    4620.0      0.98519    
    4621.0      0.98520    
    4622.0      0.98521    
    4623.0      0.98522    
    4624.0      0.98523    
    4625.0      0.98524    
    4626.0      0.98525    
    4627.0      0.98526    
    4628.0      0.98527    
    4629.0      0.98528    
    4630.0      0.98529    
    4631.0      0.98530    
    4632.0      0.98530    
    4633.0      0.98531    
    4634.0      0.98532    
    4635.0      0.98533    
    4636.0      0.98534    
    4637.0      0.98535    
    4638.0      0.98536    
    4639.0      0.98537    
    4640.0      0.98538    
    4641.0      0.98539    
    4642.0      0.98540    
    4643.0      0.98541    
    4644.0      0.98542    
    4645.0      0.98543    
    4646.0      0.98544    
    4647.0      0.98545    
    4648.0      0.98546    
    4649.0      0.98547    
    4650.0      0.98548    
    4651.0      0.98549    
    4652.0      0.98550    
    4653.0      0.98550    
    4654.0      0.98551    
    4655.0      0.98552    
    4656.0      0.98553    
    4657.0      0.98554    
    4658.0      0.98555    
    4659.0      0.98556    
    4660.0      0.98557    
    4661.0      0.98558    
    4662.0      0.98559    
    4663.0      0.98560    
    4664.0      0.98561    
    4665.0      0.98562    
    4666.0      0.98563    
    4667.0      0.98564    
    4668.0      0.98565    
    4669.0      0.98566    
    4670.0      0.98566    
    4671.0      0.98567    
    4672.0      0.98568    
    4673.0      0.98569    
    4674.0      0.98570    
    4675.0      0.98571    
    4676.0      0.98572    
    4677.0      0.98573    
    4678.0      0.98574    
    4679.0      0.98575    
    4680.0      0.98576    
    4681.0      0.98577    
    4682.0      0.98578    
    4683.0      0.98578    
    4684.0      0.98579    
    4685.0      0.98580    
    4686.0      0.98581    
    4687.0      0.98582    
    4688.0      0.98583    
    4689.0      0.98584    
    4690.0      0.98585    
    4691.0      0.98586    
    4692.0      0.98587    
    4693.0      0.98588    
    4694.0      0.98589    
    4695.0      0.98589    
    4696.0      0.98590    
    4697.0      0.98591    
    4698.0      0.98592    
    4699.0      0.98593    
    4700.0      0.98594    
    4701.0      0.98595    
    4702.0      0.98596    
    4703.0      0.98597    
    4704.0      0.98598    
    4705.0      0.98599    
    4706.0      0.98599    
    4707.0      0.98600    
    4708.0      0.98601    
    4709.0      0.98602    
    4710.0      0.98603    
    4711.0      0.98604    
    4712.0      0.98605    
    4713.0      0.98606    
    4714.0      0.98607    
    4715.0      0.98608    
    4716.0      0.98608    
    4717.0      0.98609    
    4718.0      0.98610    
    4719.0      0.98611    
    4720.0      0.98612    
    4721.0      0.98613    
    4722.0      0.98614    
    4723.0      0.98615    
    4724.0      0.98616    
    4725.0      0.98616    
    4726.0      0.98617    
    4727.0      0.98618    
    4728.0      0.98619    
    4729.0      0.98620    
    4730.0      0.98621    
    4731.0      0.98622    
    4732.0      0.98623    
    4733.0      0.98624    
    4734.0      0.98624    
    4735.0      0.98625    
    4736.0      0.98626    
    4737.0      0.98627    
    4738.0      0.98628    
    4739.0      0.98629    
    4740.0      0.98630    
    4741.0      0.98631    
    4742.0      0.98631    
    4743.0      0.98632    
    4744.0      0.98633    
    4745.0      0.98634    
    4746.0      0.98635    
    4747.0      0.98636    
    4748.0      0.98637    
    4749.0      0.98638    
    4750.0      0.98638    
    4751.0      0.98639    
    4752.0      0.98640    
    4753.0      0.98641    
    4754.0      0.98642    
    4755.0      0.98643    
    4756.0      0.98644    
    4757.0      0.98645    
    4758.0      0.98645    
    4759.0      0.98646    
    4760.0      0.98647    
    4761.0      0.98648    
    4762.0      0.98649    
    4763.0      0.98650    
    4764.0      0.98651    
    4765.0      0.98651    
    4766.0      0.98652    
    4767.0      0.98653    
    4768.0      0.98654    
    4769.0      0.98655    
    4770.0      0.98656    
    4771.0      0.98657    
    4772.0      0.98657    
    4773.0      0.98658    
    4774.0      0.98659    
    4775.0      0.98660    
    4776.0      0.98661    
    4777.0      0.98662    
    4778.0      0.98663    
    4779.0      0.98663    
    4780.0      0.98664    
    4781.0      0.98665    
    4782.0      0.98666    
    4783.0      0.98667    
    4784.0      0.98668    
    4785.0      0.98669    
    4786.0      0.98669    
    4787.0      0.98670    
    4788.0      0.98671    
    4789.0      0.98672    
    4790.0      0.98673    
    4791.0      0.98674    
    4792.0      0.98674    
    4793.0      0.98675    
    4794.0      0.98676    
    4795.0      0.98677    
    4796.0      0.98678    
    4797.0      0.98679    
    4798.0      0.98679    
    4799.0      0.98680    
    4800.0      0.98681    
    4801.0      0.98682    
    4802.0      0.98683    
    4803.0      0.98684    
    4804.0      0.98684    
    4805.0      0.98685    
    4806.0      0.98686    
    4807.0      0.98687    
    4808.0      0.98688    
    4809.0      0.98689    
    4810.0      0.98689    
    4811.0      0.98690    
    4812.0      0.98691    
    4813.0      0.98692    
    4814.0      0.98693    
    4815.0      0.98694    
    4816.0      0.98694    
    4817.0      0.98695    
    4818.0      0.98696    
    4819.0      0.98697    
    4820.0      0.98698    
    4821.0      0.98698    
    4822.0      0.98699    
    4823.0      0.98700    
    4824.0      0.98701    
    4825.0      0.98702    
    4826.0      0.98703    
    4827.0      0.98703    
    4828.0      0.98704    
    4829.0      0.98705    
    4830.0      0.98706    
    4831.0      0.98707    
    4832.0      0.98707    
    4833.0      0.98708    
    4834.0      0.98709    
    4835.0      0.98710    
    4836.0      0.98711    
    4837.0      0.98712    
    4838.0      0.98712    
    4839.0      0.98713    
    4840.0      0.98714    
    4841.0      0.98715    
    4842.0      0.98716    
    4843.0      0.98716    
    4844.0      0.98717    
    4845.0      0.98718    
    4846.0      0.98719    
    4847.0      0.98720    
    4848.0      0.98720    
    4849.0      0.98721    
    4850.0      0.98722    
    4851.0      0.98723    
    4852.0      0.98724    
    4853.0      0.98724    
    4854.0      0.98725    
    4855.0      0.98726    
    4856.0      0.98727    
    4857.0      0.98728    
    4858.0      0.98728    
    4859.0      0.98729    
    4860.0      0.98730    
    4861.0      0.98731    
    4862.0      0.98732    
    4863.0      0.98732    
    4864.0      0.98733    
    4865.0      0.98734    
    4866.0      0.98735    
    4867.0      0.98736    
    4868.0      0.98736    
    4869.0      0.98737    
    4870.0      0.98738    
    4871.0      0.98739    
    4872.0      0.98739    
    4873.0      0.98740    
    4874.0      0.98741    
    4875.0      0.98742    
    4876.0      0.98743    
    4877.0      0.98743    
    4878.0      0.98744    
    4879.0      0.98745    
    4880.0      0.98746    
    4881.0      0.98747    
    4882.0      0.98747    
    4883.0      0.98748    
    4884.0      0.98749    
    4885.0      0.98750    
    4886.0      0.98750    
    4887.0      0.98751    
    4888.0      0.98752    
    4889.0      0.98753    
    4890.0      0.98754    
    4891.0      0.98754    
    4892.0      0.98755    
    4893.0      0.98756    
    4894.0      0.98757    
    4895.0      0.98757    
    4896.0      0.98758    
    4897.0      0.98759    
    4898.0      0.98760    
    4899.0      0.98761    
    4900.0      0.98761    
    4901.0      0.98762    
    4902.0      0.98763    
    4903.0      0.98764    
    4904.0      0.98764    
    4905.0      0.98765    
    4906.0      0.98766    
    4907.0      0.98767    
    4908.0      0.98767    
    4909.0      0.98768    
    4910.0      0.98769    
    4911.0      0.98770    
    4912.0      0.98770    
    4913.0      0.98771    
    4914.0      0.98772    
    4915.0      0.98773    
    4916.0      0.98774    
    4917.0      0.98774    
    4918.0      0.98775    
    4919.0      0.98776    
    4920.0      0.98777    
    4921.0      0.98777    
    4922.0      0.98778    
    4923.0      0.98779    
    4924.0      0.98780    
    4925.0      0.98780    
    4926.0      0.98781    
    4927.0      0.98782    
    4928.0      0.98783    
    4929.0      0.98783    
    4930.0      0.98784    
    4931.0      0.98785    
    4932.0      0.98786    
    4933.0      0.98786    
    4934.0      0.98787    
    4935.0      0.98788    
    4936.0      0.98789    
    4937.0      0.98789    
    4938.0      0.98790    
    4939.0      0.98791    
    4940.0      0.98792    
    4941.0      0.98792    
    4942.0      0.98793    
    4943.0      0.98794    
    4944.0      0.98795    
    4945.0      0.98795    
    4946.0      0.98796    
    4947.0      0.98797    
    4948.0      0.98798    
    4949.0      0.98798    
    4950.0      0.98799    
    4951.0      0.98800    
    4952.0      0.98800    
    4953.0      0.98801    
    4954.0      0.98802    
    4955.0      0.98803    
    4956.0      0.98803    
    4957.0      0.98804    
    4958.0      0.98805    
    4959.0      0.98806    
    4960.0      0.98806    
    4961.0      0.98807    
    4962.0      0.98808    
    4963.0      0.98809    
    4964.0      0.98809    
    4965.0      0.98810    
    4966.0      0.98811    
    4967.0      0.98811    
    4968.0      0.98812    
    4969.0      0.98813    
    4970.0      0.98814    
    4971.0      0.98814    
    4972.0      0.98815    
    4973.0      0.98816    
    4974.0      0.98817    
    4975.0      0.98817    
    4976.0      0.98818    
    4977.0      0.98819    
    4978.0      0.98819    
    4979.0      0.98820    
    4980.0      0.98821    
    4981.0      0.98822    
    4982.0      0.98822    
    4983.0      0.98823    
    4984.0      0.98824    
    4985.0      0.98824    
    4986.0      0.98825    
    4987.0      0.98826    
    4988.0      0.98827    
    4989.0      0.98827    
    4990.0      0.98828    
    4991.0      0.98829    
    4992.0      0.98829    
    4993.0      0.98830    
    4994.0      0.98831    
    4995.0      0.98832    
    4996.0      0.98832    
    4997.0      0.98833    
    4998.0      0.98834    
    4999.0      0.98834    
    5000.0      0.98835    
    5005.0      0.98839    
    5010.0      0.98842    
    5015.0      0.98846    
    5020.0      0.98849    
    5025.0      0.98853    
    5030.0      0.98856    
    5035.0      0.98860    
    5040.0      0.98863    
    5045.0      0.98867    
    5050.0      0.98870    
    5055.0      0.98873    
    5060.0      0.98877    
    5065.0      0.98880    
    5070.0      0.98884    
    5075.0      0.98887    
    5080.0      0.98890    
    5085.0      0.98894    
    5090.0      0.98897    
    5095.0      0.98900    
    5100.0      0.98903    
    5105.0      0.98907    
    5110.0      0.98910    
    5115.0      0.98913    
    5120.0      0.98916    
    5125.0      0.98920    
    5130.0      0.98923    
    5135.0      0.98926    
    5140.0      0.98929    
    5145.0      0.98932    
    5150.0      0.98936    
    5155.0      0.98939    
    5160.0      0.98942    
    5165.0      0.98945    
    5170.0      0.98948    
    5175.0      0.98951    
    5180.0      0.98954    
    5185.0      0.98957    
    5190.0      0.98960    
    5195.0      0.98964    
    5200.0      0.98967    
    5205.0      0.98970    
    5210.0      0.98973    
    5215.0      0.98976    
    5220.0      0.98979    
    5225.0      0.98982    
    5230.0      0.98985    
    5235.0      0.98988    
    5240.0      0.98990    
    5245.0      0.98993    
    5250.0      0.98996    
    5255.0      0.98999    
    5260.0      0.99002    
    5265.0      0.99005    
    5270.0      0.99008    
    5275.0      0.99011    
    5280.0      0.99014    
    5285.0      0.99017    
    5290.0      0.99019    
    5295.0      0.99022    
    5300.0      0.99025    
    5305.0      0.99028    
    5310.0      0.99031    
    5315.0      0.99033    
    5320.0      0.99036    
    5325.0      0.99039    
    5330.0      0.99042    
    5335.0      0.99044    
    5340.0      0.99047    
    5345.0      0.99050    
    5350.0      0.99053    
    5355.0      0.99055    
    5360.0      0.99058    
    5365.0      0.99061    
    5370.0      0.99063    
    5375.0      0.99066    
    5380.0      0.99069    
    5385.0      0.99071    
    5390.0      0.99074    
    5395.0      0.99077    
    5400.0      0.99079    
    5405.0      0.99082    
    5410.0      0.99084    
    5415.0      0.99087    
    5420.0      0.99090    
    5425.0      0.99092    
    5430.0      0.99095    
    5435.0      0.99097    
    5440.0      0.99100    
    5445.0      0.99102    
    5450.0      0.99105    
    5455.0      0.99107    
    5460.0      0.99110    
    5465.0      0.99112    
    5470.0      0.99115    
    5475.0      0.99117    
    5480.0      0.99120    
    5485.0      0.99122    
    5490.0      0.99125    
    5495.0      0.99127    
    5500.0      0.99130    
    5505.0      0.99132    
    5510.0      0.99134    
    5515.0      0.99137    
    5520.0      0.99139    
    5525.0      0.99142    
    5530.0      0.99144    
    5535.0      0.99146    
    5540.0      0.99149    
    5545.0      0.99151    
    5550.0      0.99153    
    5555.0      0.99156    
    5560.0      0.99158    
    5565.0      0.99160    
    5570.0      0.99163    
    5575.0      0.99165    
    5580.0      0.99167    
    5585.0      0.99169    
    5590.0      0.99172    
    5595.0      0.99174    
    5600.0      0.99176    
    5605.0      0.99179    
    5610.0      0.99181    
    5615.0      0.99183    
    5620.0      0.99185    
    5625.0      0.99187    
    5630.0      0.99190    
    5635.0      0.99192    
    5640.0      0.99194    
    5645.0      0.99196    
    5650.0      0.99198    
    5655.0      0.99201    
    5660.0      0.99203    
    5665.0      0.99205    
    5670.0      0.99207    
    5675.0      0.99209    
    5680.0      0.99211    
    5685.0      0.99213    
    5690.0      0.99216    
    5695.0      0.99218    
    5700.0      0.99220    
    5705.0      0.99222    
    5710.0      0.99224    
    5715.0      0.99226    
    5720.0      0.99228    
    5725.0      0.99230    
    5730.0      0.99232    
    5735.0      0.99234    
    5740.0      0.99236    
    5745.0      0.99238    
    5750.0      0.99240    
    5755.0      0.99242    
    5760.0      0.99244    
    5765.0      0.99247    
    5770.0      0.99249    
    5775.0      0.99251    
    5780.0      0.99252    
    5785.0      0.99254    
    5790.0      0.99256    
    5795.0      0.99258    
    5800.0      0.99260    
    5805.0      0.99262    
    5810.0      0.99264    
    5815.0      0.99266    
    5820.0      0.99268    
    5825.0      0.99270    
    5830.0      0.99272    
    5835.0      0.99274    
    5840.0      0.99276    
    5845.0      0.99278    
    5850.0      0.99280    
    5855.0      0.99282    
    5860.0      0.99283    
    5865.0      0.99285    
    5870.0      0.99287    
    5875.0      0.99289    
    5880.0      0.99291    
    5885.0      0.99293    
    5890.0      0.99295    
    5895.0      0.99296    
    5900.0      0.99298    
    5905.0      0.99300    
    5910.0      0.99302    
    5915.0      0.99304    
    5920.0      0.99306    
    5925.0      0.99307    
    5930.0      0.99309    
    5935.0      0.99311    
    5940.0      0.99313    
    5945.0      0.99314    
    5950.0      0.99316    
    5955.0      0.99318    
    5960.0      0.99320    
    5965.0      0.99322    
    5970.0      0.99323    
    5975.0      0.99325    
    5980.0      0.99327    
    5985.0      0.99328    
    5990.0      0.99330    
    5995.0      0.99332    
    6000.0      0.99334    
    6005.0      0.99335    
    6010.0      0.99337    
    6015.0      0.99339    
    6020.0      0.99340    
    6025.0      0.99342    
    6030.0      0.99344    
    6035.0      0.99345    
    6040.0      0.99347    
    6045.0      0.99349    
    6050.0      0.99350    
    6055.0      0.99352    
    6060.0      0.99354    
    6065.0      0.99355    
    6070.0      0.99357    
    6075.0      0.99359    
    6080.0      0.99360    
    6085.0      0.99362    
    6090.0      0.99363    
    6095.0      0.99365    
    6100.0      0.99367    
    6105.0      0.99368    
    6110.0      0.99370    
    6115.0      0.99371    
    6120.0      0.99373    
    6125.0      0.99375    
    6130.0      0.99376    
    6135.0      0.99378    
    6140.0      0.99379    
    6145.0      0.99381    
    6150.0      0.99382    
    6155.0      0.99384    
    6160.0      0.99385    
    6165.0      0.99387    
    6170.0      0.99389    
    6175.0      0.99390    
    6180.0      0.99392    
    6185.0      0.99393    
    6190.0      0.99395    
    6195.0      0.99396    
    6200.0      0.99398    
    6205.0      0.99399    
    6210.0      0.99401    
    6215.0      0.99402    
    6220.0      0.99404    
    6225.0      0.99405    
    6230.0      0.99406    
    6235.0      0.99408    
    6240.0      0.99409    
    6245.0      0.99411    
    6250.0      0.99412    
    6255.0      0.99414    
    6260.0      0.99415    
    6265.0      0.99417    
    6270.0      0.99418    
    6275.0      0.99420    
    6280.0      0.99421    
    6285.0      0.99422    
    6290.0      0.99424    
    6295.0      0.99425    
    6300.0      0.99427    
    6305.0      0.99428    
    6310.0      0.99429    
    6315.0      0.99431    
    6320.0      0.99432    
    6325.0      0.99434    
    6330.0      0.99435    
    6335.0      0.99436    
    6340.0      0.99438    
    6345.0      0.99439    
    6350.0      0.99440    
    6355.0      0.99442    
    6360.0      0.99443    
    6365.0      0.99444    
    6370.0      0.99446    
    6375.0      0.99447    
    6380.0      0.99448    
    6385.0      0.99450    
    6390.0      0.99451    
    6395.0      0.99452    
    6400.0      0.99454    
    6405.0      0.99455    
    6410.0      0.99456    
    6415.0      0.99458    
    6420.0      0.99459    
    6425.0      0.99460    
    6430.0      0.99462    
    6435.0      0.99463    
    6440.0      0.99464    
    6445.0      0.99465    
    6450.0      0.99467    
    6455.0      0.99468    
    6460.0      0.99469    
    6465.0      0.99471    
    6470.0      0.99472    
    6475.0      0.99473    
    6480.0      0.99474    
    6485.0      0.99476    
    6490.0      0.99477    
    6495.0      0.99478    
    6500.0      0.99479    
    6505.0      0.99481    
    6510.0      0.99482    
    6515.0      0.99483    
    6520.0      0.99484    
    6525.0      0.99485    
    6530.0      0.99487    
    6535.0      0.99488    
    6540.0      0.99489    
    6545.0      0.99490    
    6550.0      0.99491    
    6555.0      0.99493    
    6560.0      0.99494    
    6565.0      0.99495    
    6570.0      0.99496    
    6575.0      0.99497    
    6580.0      0.99499    
    6585.0      0.99500    
    6590.0      0.99501    
    6595.0      0.99502    
    6600.0      0.99503    
    6605.0      0.99504    
    6610.0      0.99506    
    6615.0      0.99507    
    6620.0      0.99508    
    6625.0      0.99509    
    6630.0      0.99510    
    6635.0      0.99511    
    6640.0      0.99512    
    6645.0      0.99514    
    6650.0      0.99515    
    6655.0      0.99516    
    6660.0      0.99517    
    6665.0      0.99518    
    6670.0      0.99519    
    6675.0      0.99520    
    6680.0      0.99521    
    6685.0      0.99523    
    6690.0      0.99524    
    6695.0      0.99525    
    6700.0      0.99526    
    6705.0      0.99527    
    6710.0      0.99528    
    6715.0      0.99529    
    6720.0      0.99530    
    6725.0      0.99531    
    6730.0      0.99532    
    6735.0      0.99533    
    6740.0      0.99534    
    6745.0      0.99536    
    6750.0      0.99537    
    6755.0      0.99538    
    6760.0      0.99539    
    6765.0      0.99540    
    6770.0      0.99541    
    6775.0      0.99542    
    6780.0      0.99543    
    6785.0      0.99544    
    6790.0      0.99545    
    6795.0      0.99546    
    6800.0      0.99547    
    6805.0      0.99548    
    6810.0      0.99549    
    6815.0      0.99550    
    6820.0      0.99551    
    6825.0      0.99552    
    6830.0      0.99553    
    6835.0      0.99554    
    6840.0      0.99555    
    6845.0      0.99556    
    6850.0      0.99557    
    6855.0      0.99558    
    6860.0      0.99559    
    6865.0      0.99560    
    6870.0      0.99561    
    6875.0      0.99562    
    6880.0      0.99563    
    6885.0      0.99564    
    6890.0      0.99565    
    6895.0      0.99566    
    6900.0      0.99567    
    6905.0      0.99568    
    6910.0      0.99569    
    6915.0      0.99570    
    6920.0      0.99571    
    6925.0      0.99572    
    6930.0      0.99573    
    6935.0      0.99574    
    6940.0      0.99575    
    6945.0      0.99576    
    6950.0      0.99577    
    6955.0      0.99577    
    6960.0      0.99578    
    6965.0      0.99579    
    6970.0      0.99580    
    6975.0      0.99581    
    6980.0      0.99582    
    6985.0      0.99583    
    6990.0      0.99584    
    6995.0      0.99585    
    7000.0      0.99586    
    7005.0      0.99587    
    7010.0      0.99588    
    7015.0      0.99589    
    7020.0      0.99589    
    7025.0      0.99590    
    7030.0      0.99591    
    7035.0      0.99592    
    7040.0      0.99593    
    7045.0      0.99594    
    7050.0      0.99595    
    7055.0      0.99596    
    7060.0      0.99597    
    7065.0      0.99598    
    7070.0      0.99598    
    7075.0      0.99599    
    7080.0      0.99600    
    7085.0      0.99601    
    7090.0      0.99602    
    7095.0      0.99603    
    7100.0      0.99604    
    7105.0      0.99604    
    7110.0      0.99605    
    7115.0      0.99606    
    7120.0      0.99607    
    7125.0      0.99608    
    7130.0      0.99609    
    7135.0      0.99610    
    7140.0      0.99610    
    7145.0      0.99611    
    7150.0      0.99612    
    7155.0      0.99613    
    7160.0      0.99614    
    7165.0      0.99615    
    7170.0      0.99615    
    7175.0      0.99616    
    7180.0      0.99617    
    7185.0      0.99618    
    7190.0      0.99619    
    7195.0      0.99620    
    7200.0      0.99620    
    7205.0      0.99621    
    7210.0      0.99622    
    7215.0      0.99623    
    7220.0      0.99624    
    7225.0      0.99624    
    7230.0      0.99625    
    7235.0      0.99626    
    7240.0      0.99627    
    7245.0      0.99628    
    7250.0      0.99628    
    7255.0      0.99629    
    7260.0      0.99630    
    7265.0      0.99631    
    7270.0      0.99632    
    7275.0      0.99632    
    7280.0      0.99633    
    7285.0      0.99634    
    7290.0      0.99635    
    7295.0      0.99635    
    7300.0      0.99636    
    7305.0      0.99637    
    7310.0      0.99638    
    7315.0      0.99639    
    7320.0      0.99639    
    7325.0      0.99640    
    7330.0      0.99641    
    7335.0      0.99642    
    7340.0      0.99642    
    7345.0      0.99643    
    7350.0      0.99644    
    7355.0      0.99645    
    7360.0      0.99645    
    7365.0      0.99646    
    7370.0      0.99647    
    7375.0      0.99648    
    7380.0      0.99648    
    7385.0      0.99649    
    7390.0      0.99650    
    7395.0      0.99651    
    7400.0      0.99651    
    7405.0      0.99652    
    7410.0      0.99653    
    7415.0      0.99653    
    7420.0      0.99654    
    7425.0      0.99655    
    7430.0      0.99656    
    7435.0      0.99656    
    7440.0      0.99657    
    7445.0      0.99658    
    7450.0      0.99658    
    7455.0      0.99659    
    7460.0      0.99660    
    7465.0      0.99661    
    7470.0      0.99661    
    7475.0      0.99662    
    7480.0      0.99663    
    7485.0      0.99663    
    7490.0      0.99664    
    7495.0      0.99665    
    7500.0      0.99665    
    7505.0      0.99666    
    7510.0      0.99667    
    7515.0      0.99668    
    7520.0      0.99668    
    7525.0      0.99669    
    7530.0      0.99670    
    7535.0      0.99670    
    7540.0      0.99671    
    7545.0      0.99672    
    7550.0      0.99672    
    7555.0      0.99673    
    7560.0      0.99674    
    7565.0      0.99674    
    7570.0      0.99675    
    7575.0      0.99676    
    7580.0      0.99676    
    7585.0      0.99677    
    7590.0      0.99678    
    7595.0      0.99678    
    7600.0      0.99679    
    7605.0      0.99680    
    7610.0      0.99680    
    7615.0      0.99681    
    7620.0      0.99681    
    7625.0      0.99682    
    7630.0      0.99683    
    7635.0      0.99683    
    7640.0      0.99684    
    7645.0      0.99685    
    7650.0      0.99685    
    7655.0      0.99686    
    7660.0      0.99687    
    7665.0      0.99687    
    7670.0      0.99688    
    7675.0      0.99688    
    7680.0      0.99689    
    7685.0      0.99690    
    7690.0      0.99690    
    7695.0      0.99691    
    7700.0      0.99692    
    7705.0      0.99692    
    7710.0      0.99693    
    7715.0      0.99693    
    7720.0      0.99694    
    7725.0      0.99695    
    7730.0      0.99695    
    7735.0      0.99696    
    7740.0      0.99697    
    7745.0      0.99697    
    7750.0      0.99698    
    7755.0      0.99698    
    7760.0      0.99699    
    7765.0      0.99700    
    7770.0      0.99700    
    7775.0      0.99701    
    7780.0      0.99701    
    7785.0      0.99702    
    7790.0      0.99703    
    7795.0      0.99703    
    7800.0      0.99704    
    7805.0      0.99704    
    7810.0      0.99705    
    7815.0      0.99705    
    7820.0      0.99706    
    7825.0      0.99707    
    7830.0      0.99707    
    7835.0      0.99708    
    7840.0      0.99708    
    7845.0      0.99709    
    7850.0      0.99709    
    7855.0      0.99710    
    7860.0      0.99711    
    7865.0      0.99711    
    7870.0      0.99712    
    7875.0      0.99712    
    7880.0      0.99713    
    7885.0      0.99713    
    7890.0      0.99714    
    7895.0      0.99715    
    7900.0      0.99715    
    7905.0      0.99716    
    7910.0      0.99716    
    7915.0      0.99717    
    7920.0      0.99717    
    7925.0      0.99718    
    7930.0      0.99718    
    7935.0      0.99719    
    7940.0      0.99720    
    7945.0      0.99720    
    7950.0      0.99721    
    7955.0      0.99721    
    7960.0      0.99722    
    7965.0      0.99722    
    7970.0      0.99723    
    7975.0      0.99723    
    7980.0      0.99724    
    7985.0      0.99724    
    7990.0      0.99725    
    7995.0      0.99725    
    8000.0      0.99726    
    8005.0      0.99727    
    8010.0      0.99727    
    8015.0      0.99728    
    8020.0      0.99728    
    8025.0      0.99729    
    8030.0      0.99729    
    8035.0      0.99730    
    8040.0      0.99730    
    8045.0      0.99731    
    8050.0      0.99731    
    8055.0      0.99732    
    8060.0      0.99732    
    8065.0      0.99733    
    8070.0      0.99733    
    8075.0      0.99734    
    8080.0      0.99734    
    8085.0      0.99735    
    8090.0      0.99735    
    8095.0      0.99736    
    8100.0      0.99736    
    8105.0      0.99737    
    8110.0      0.99737    
    8115.0      0.99738    
    8120.0      0.99738    
    8125.0      0.99739    
    8130.0      0.99739    
    8135.0      0.99740    
    8140.0      0.99740    
    8145.0      0.99741    
    8150.0      0.99741    
    8155.0      0.99742    
    8160.0      0.99742    
    8165.0      0.99743    
    8170.0      0.99743    
    8175.0      0.99744    
    8180.0      0.99744    
    8185.0      0.99745    
    8190.0      0.99745    
    8195.0      0.99746    
    8200.0      0.99746    
    8205.0      0.99747    
    8210.0      0.99747    
    8215.0      0.99748    
    8220.0      0.99748    
    8225.0      0.99749    
    8230.0      0.99749    
    8235.0      0.99749    
    8240.0      0.99750    
    8245.0      0.99750    
    8250.0      0.99751    
    8255.0      0.99751    
    8260.0      0.99752    
    8265.0      0.99752    
    8270.0      0.99753    
    8275.0      0.99753    
    8280.0      0.99754    
    8285.0      0.99754    
    8290.0      0.99755    
    8295.0      0.99755    
    8300.0      0.99756    
    8305.0      0.99756    
    8310.0      0.99756    
    8315.0      0.99757    
    8320.0      0.99757    
    8325.0      0.99758    
    8330.0      0.99758    
    8335.0      0.99759    
    8340.0      0.99759    
    8345.0      0.99760    
    8350.0      0.99760    
    8355.0      0.99760    
    8360.0      0.99761    
    8365.0      0.99761    
    8370.0      0.99762    
    8375.0      0.99762    
    8380.0      0.99763    
    8385.0      0.99763    
    8390.0      0.99764    
    8395.0      0.99764    
    8400.0      0.99764    
    8405.0      0.99765    
    8410.0      0.99765    
    8415.0      0.99766    
    8420.0      0.99766    
    8425.0      0.99767    
    8430.0      0.99767    
    8435.0      0.99767    
    8440.0      0.99768    
    8445.0      0.99768    
    8450.0      0.99769    
    8455.0      0.99769    
    8460.0      0.99770    
    8465.0      0.99770    
    8470.0      0.99770    
    8475.0      0.99771    
    8480.0      0.99771    
    8485.0      0.99772    
    8490.0      0.99772    
    8495.0      0.99772    
    8500.0      0.99773    
    8505.0      0.99773    
    8510.0      0.99774    
    8515.0      0.99774    
    8520.0      0.99775    
    8525.0      0.99775    
    8530.0      0.99775    
    8535.0      0.99776    
    8540.0      0.99776    
    8545.0      0.99777    
    8550.0      0.99777    
    8555.0      0.99777    
    8560.0      0.99778    
    8565.0      0.99778    
    8570.0      0.99779    
    8575.0      0.99779    
    8580.0      0.99779    
    8585.0      0.99780    
    8590.0      0.99780    
    8595.0      0.99781    
    8600.0      0.99781    
    8605.0      0.99781    
    8610.0      0.99782    
    8615.0      0.99782    
    8620.0      0.99783    
    8625.0      0.99783    
    8630.0      0.99783    
    8635.0      0.99784    
    8640.0      0.99784    
    8645.0      0.99784    
    8650.0      0.99785    
    8655.0      0.99785    
    8660.0      0.99786    
    8665.0      0.99786    
    8670.0      0.99786    
    8675.0      0.99787    
    8680.0      0.99787    
    8685.0      0.99787    
    8690.0      0.99788    
    8695.0      0.99788    
    8700.0      0.99789    
    8705.0      0.99789    
    8710.0      0.99789    
    8715.0      0.99790    
    8720.0      0.99790    
    8725.0      0.99790    
    8730.0      0.99791    
    8735.0      0.99791    
    8740.0      0.99792    
    8745.0      0.99792    
    8750.0      0.99792    
    8755.0      0.99793    
    8760.0      0.99793    
    8765.0      0.99793    
    8770.0      0.99794    
    8775.0      0.99794    
    8780.0      0.99795    
    8785.0      0.99795    
    8790.0      0.99795    
    8795.0      0.99796    
    8800.0      0.99796    
    8805.0      0.99796    
    8810.0      0.99797    
    8815.0      0.99797    
    8820.0      0.99797    
    8825.0      0.99798    
    8830.0      0.99798    
    8835.0      0.99798    
    8840.0      0.99799    
    8845.0      0.99799    
    8850.0      0.99799    
    8855.0      0.99800    
    8860.0      0.99800    
    8865.0      0.99801    
    8870.0      0.99801    
    8875.0      0.99801    
    8880.0      0.99802    
    8885.0      0.99802    
    8890.0      0.99802    
    8895.0      0.99803    
    8900.0      0.99803    
    8905.0      0.99803    
    8910.0      0.99804    
    8915.0      0.99804    
    8920.0      0.99804    
    8925.0      0.99805    
    8930.0      0.99805    
    8935.0      0.99805    
    8940.0      0.99806    
    8945.0      0.99806    
    8950.0      0.99806    
    8955.0      0.99807    
    8960.0      0.99807    
    8965.0      0.99807    
    8970.0      0.99808    
    8975.0      0.99808    
    8980.0      0.99808    
    8985.0      0.99809    
    8990.0      0.99809    
    8995.0      0.99809    
    9000.0      0.99810    
    9005.0      0.99810    
    9010.0      0.99810    
    9015.0      0.99811    
    9020.0      0.99811    
    9025.0      0.99811    
    9030.0      0.99812    
    9035.0      0.99812    
    9040.0      0.99812    
    9045.0      0.99813    
    9050.0      0.99813    
    9055.0      0.99813    
    9060.0      0.99813    
    9065.0      0.99814    
    9070.0      0.99814    
    9075.0      0.99814    
    9080.0      0.99815    
    9085.0      0.99815    
    9090.0      0.99815    
    9095.0      0.99816    
    9100.0      0.99816    
    9105.0      0.99816    
    9110.0      0.99817    
    9115.0      0.99817    
    9120.0      0.99817    
    9125.0      0.99818    
    9130.0      0.99818    
    9135.0      0.99818    
    9140.0      0.99818    
    9145.0      0.99819    
    9150.0      0.99819    
    9155.0      0.99819    
    9160.0      0.99820    
    9165.0      0.99820    
    9170.0      0.99820    
    9175.0      0.99821    
    9180.0      0.99821    
    9185.0      0.99821    
    9190.0      0.99822    
    9195.0      0.99822    
    9200.0      0.99822    
    9205.0      0.99822    
    9210.0      0.99823    
    9215.0      0.99823    
    9220.0      0.99823    
    9225.0      0.99824    
    9230.0      0.99824    
    9235.0      0.99824    
    9240.0      0.99824    
    9245.0      0.99825    
    9250.0      0.99825    
    9255.0      0.99825    
    9260.0      0.99826    
    9265.0      0.99826    
    9270.0      0.99826    
    9275.0      0.99827    
    9280.0      0.99827    
    9285.0      0.99827    
    9290.0      0.99827    
    9295.0      0.99828    
    9300.0      0.99828    
    9305.0      0.99828    
    9310.0      0.99829    
    9315.0      0.99829    
    9320.0      0.99829    
    9325.0      0.99829    
    9330.0      0.99830    
    9335.0      0.99830    
    9340.0      0.99830    
    9345.0      0.99830    
    9350.0      0.99831    
    9355.0      0.99831    
    9360.0      0.99831    
    9365.0      0.99832    
    9370.0      0.99832    
    9375.0      0.99832    
    9380.0      0.99832    
    9385.0      0.99833    
    9390.0      0.99833    
    9395.0      0.99833    
    9400.0      0.99834    
    9405.0      0.99834    
    9410.0      0.99834    
    9415.0      0.99834    
    9420.0      0.99835    
    9425.0      0.99835    
    9430.0      0.99835    
    9435.0      0.99835    
    9440.0      0.99836    
    9445.0      0.99836    
    9450.0      0.99836    
    9455.0      0.99836    
    9460.0      0.99837    
    9465.0      0.99837    
    9470.0      0.99837    
    9475.0      0.99838    
    9480.0      0.99838    
    9485.0      0.99838    
    9490.0      0.99838    
    9495.0      0.99839    
    9500.0      0.99839    
    9505.0      0.99839    
    9510.0      0.99839    
    9515.0      0.99840    
    9520.0      0.99840    
    9525.0      0.99840    
    9530.0      0.99840    
    9535.0      0.99841    
    9540.0      0.99841    
    9545.0      0.99841    
    9550.0      0.99841    
    9555.0      0.99842    
    9560.0      0.99842    
    9565.0      0.99842    
    9570.0      0.99842    
    9575.0      0.99843    
    9580.0      0.99843    
    9585.0      0.99843    
    9590.0      0.99843    
    9595.0      0.99844    
    9600.0      0.99844    
    9605.0      0.99844    
    9610.0      0.99844    
    9615.0      0.99845    
    9620.0      0.99845    
    9625.0      0.99845    
    9630.0      0.99845    
    9635.0      0.99846    
    9640.0      0.99846    
    9645.0      0.99846    
    9650.0      0.99846    
    9655.0      0.99847    
    9660.0      0.99847    
    9665.0      0.99847    
    9670.0      0.99847    
    9675.0      0.99848    
    9680.0      0.99848    
    9685.0      0.99848    
    9690.0      0.99848    
    9695.0      0.99849    
    9700.0      0.99849    
    9705.0      0.99849    
    9710.0      0.99849    
    9715.0      0.99850    
    9720.0      0.99850    
    9725.0      0.99850    
    9730.0      0.99850    
    9735.0      0.99850    
    9740.0      0.99851    
    9745.0      0.99851    
    9750.0      0.99851    
    9755.0      0.99851    
    9760.0      0.99852    
    9765.0      0.99852    
    9770.0      0.99852    
    9775.0      0.99852    
    9780.0      0.99853    
    9785.0      0.99853    
    9790.0      0.99853    
    9795.0      0.99853    
    9800.0      0.99854    
    9805.0      0.99854    
    9810.0      0.99854    
    9815.0      0.99854    
    9820.0      0.99854    
    9825.0      0.99855    
    9830.0      0.99855    
    9835.0      0.99855    
    9840.0      0.99855    
    9845.0      0.99856    
    9850.0      0.99856    
    9855.0      0.99856    
    9860.0      0.99856    
    9865.0      0.99856    
    9870.0      0.99857    
    9875.0      0.99857    
    9880.0      0.99857    
    9885.0      0.99857    
    9890.0      0.99858    
    9895.0      0.99858    
    9900.0      0.99858    
    9905.0      0.99858    
    9910.0      0.99858    
    9915.0      0.99859    
    9920.0      0.99859    
    9925.0      0.99859    
    9930.0      0.99859    
    9935.0      0.99860    
    9940.0      0.99860    
    9945.0      0.99860    
    9950.0      0.99860    
    9955.0      0.99860    
    9960.0      0.99861    
    9965.0      0.99861    
    9970.0      0.99861    
    9975.0      0.99861    
    9980.0      0.99861    
    9985.0      0.99862    
    9990.0      0.99862    
    9995.0      0.99862    
    10000.      0.99862         
