 C10H8O4 Density=1.4 Thickness=5. microns
 Photon energy (eV), Transmission
    10.000      0.00000    
    11.000      0.00000    
    12.000      0.00000    
    13.000      0.00000    
    14.000      0.00000    
    15.000      0.00000    
    16.000      0.00000    
    17.000      0.00000    
    18.000      0.00000    
    19.000      0.00000    
    20.000      0.00000    
    21.000      0.00000    
    22.000      0.00000    
    23.000      0.00000    
    24.000      0.00000    
    25.000      0.00000    
    26.000      0.00000    
    27.000      0.00000    
    28.000      0.00000    
    29.000      0.00000    
    30.000      0.00000    
    31.000      0.00000    
    32.000      0.00000    
    33.000      0.00000    
    34.000      0.00000    
    35.000      0.00000    
    36.000      0.00000    
    37.000      0.00000    
    38.000      0.00000    
    39.000      0.00000    
    40.000      0.00000    
    41.000      0.00000    
    42.000      0.00000    
    43.000      0.00000    
    44.000      0.00000    
    45.000      0.00000    
    46.000      0.00000    
    47.000      0.00000    
    48.000      0.00000    
    49.000      1.40130E-45
    50.000      4.76441E-44
    51.000      1.93940E-42
    52.000      6.35531E-41
    53.000      1.71909E-39
    54.000      3.37825E-38
    55.000      5.13903E-37
    56.000      6.83984E-36
    57.000      8.03564E-35
    58.000      8.39777E-34
    59.000      7.86827E-33
    60.000      6.65384E-32
    61.000      5.35245E-31
    62.000      4.48282E-30
    63.000      3.55958E-29
    64.000      2.57012E-28
    65.000      1.69678E-27
    66.000      1.02942E-26
    67.000      5.76848E-26
    68.000      2.99936E-25
    69.000      1.45340E-24
    70.000      6.57467E-24
    71.000      2.77933E-23
    72.000      1.10613E-22
    73.000      4.16414E-22
    74.000      1.48740E-21
    75.000      5.05405E-21
    76.000      1.63800E-20
    77.000      5.07635E-20
    78.000      1.50788E-19
    79.000      4.30091E-19
    80.000      1.18052E-18
    81.000      3.12409E-18
    82.000      7.98504E-18
    83.000      1.97446E-17
    84.000      4.73124E-17
    85.000      1.10009E-16
    86.000      2.48534E-16
    87.000      5.46310E-16
    88.000      1.16977E-15
    89.000      2.44274E-15
    90.000      4.98017E-15
    91.000      9.92317E-15
    92.000      1.93432E-14
    93.000      3.69215E-14
    94.000      6.90728E-14
    95.000      1.26748E-13
    96.000      2.28316E-13
    97.000      4.04050E-13
    98.000      7.08575E-13
    99.000      1.23672E-12
    100.00      2.21200E-12
    101.00      3.92157E-12
    102.00      6.83062E-12
    103.00      1.16960E-11
    104.00      1.97017E-11
    105.00      3.26761E-11
    106.00      5.33845E-11
    107.00      8.59524E-11
    108.00      1.36487E-10
    109.00      2.13861E-10
    110.00      3.30807E-10
    111.00      5.05395E-10
    112.00      7.62935E-10
    113.00      1.13857E-09
    114.00      1.68045E-09
    115.00      2.45383E-09
    116.00      3.54625E-09
    117.00      5.07465E-09
    118.00      7.19268E-09
    119.00      1.01008E-08
    120.00      1.40587E-08
    121.00      1.93992E-08
    122.00      2.65462E-08
    123.00      3.60365E-08
    124.00      4.85403E-08
    125.00      6.48935E-08
    126.00      8.61267E-08
    127.00      1.13518E-07
    128.00      1.48608E-07
    129.00      1.93252E-07
    130.00      2.49710E-07
    131.00      3.20672E-07
    132.00      4.09343E-07
    133.00      5.21627E-07
    134.00      6.62628E-07
    135.00      8.35126E-07
    136.00      1.04422E-06
    137.00      1.29895E-06
    138.00      1.60774E-06
    139.00      1.98028E-06
    140.00      2.42765E-06
    141.00      2.96249E-06
    142.00      3.59892E-06
    143.00      4.35317E-06
    144.00      5.24362E-06
    145.00      6.29067E-06
    146.00      7.51702E-06
    147.00      8.94778E-06
    148.00      1.06111E-05
    149.00      1.25381E-05
    150.00      1.47627E-05
    151.00      1.73228E-05
    152.00      2.02595E-05
    153.00      2.36171E-05
    154.00      2.74424E-05
    155.00      3.17896E-05
    156.00      3.67165E-05
    157.00      4.22843E-05
    158.00      4.85587E-05
    159.00      5.56102E-05
    160.00      6.35145E-05
    161.00      7.23526E-05
    162.00      8.22115E-05
    163.00      9.31810E-05
    164.00      1.05355E-04
    165.00      1.18838E-04
    166.00      1.33740E-04
    167.00      1.50180E-04
    168.00      1.68272E-04
    169.00      1.88140E-04
    170.00      2.09915E-04
    171.00      2.33735E-04
    172.00      2.59740E-04
    173.00      2.88080E-04
    174.00      3.18909E-04
    175.00      3.52395E-04
    176.00      3.88698E-04
    177.00      4.27984E-04
    178.00      4.70425E-04
    179.00      5.16209E-04
    180.00      5.66859E-04
    181.00      6.23489E-04
    182.00      6.84594E-04
    183.00      7.55147E-04
    184.00      8.36397E-04
    185.00      9.24527E-04
    186.00      1.02379E-03
    187.00      1.13473E-03
    188.00      1.25509E-03
    189.00      1.38554E-03
    190.00      1.52663E-03
    191.00      1.67886E-03
    192.00      1.84277E-03
    193.00      2.01895E-03
    194.00      2.20803E-03
    195.00      2.41064E-03
    196.00      2.62736E-03
    197.00      2.85882E-03
    198.00      3.10566E-03
    199.00      3.36848E-03
    200.00      3.64792E-03
    201.00      3.94458E-03
    202.00      4.25913E-03
    203.00      4.59218E-03
    204.00      4.94431E-03
    205.00      5.31612E-03
    206.00      5.70825E-03
    207.00      6.12133E-03
    208.00      6.55597E-03
    209.00      7.01278E-03
    210.00      7.49228E-03
    211.00      7.99505E-03
    212.00      8.52150E-03
    213.00      9.07229E-03
    214.00      9.64793E-03
    215.00      1.02491E-02
    216.00      1.08762E-02
    217.00      1.15296E-02
    218.00      1.22086E-02
    219.00      1.29110E-02
    220.00      1.36408E-02
    221.00      1.43982E-02
    222.00      1.51744E-02
    223.00      1.59754E-02
    224.00      1.68042E-02
    225.00      1.76613E-02
    226.00      1.85468E-02
    227.00      1.94610E-02
    228.00      2.04041E-02
    229.00      2.13764E-02
    230.00      2.23782E-02
    231.00      2.34094E-02
    232.00      2.44705E-02
    233.00      2.55613E-02
    234.00      2.66822E-02
    235.00      2.78332E-02
    236.00      2.90123E-02
    237.00      3.02017E-02
    238.00      3.14203E-02
    239.00      3.26681E-02
    240.00      3.39202E-02
    241.00      3.51355E-02
    242.00      3.63758E-02
    243.00      3.76411E-02
    244.00      3.89447E-02
    245.00      4.02940E-02
    246.00      4.16693E-02
    247.00      4.30707E-02
    248.00      4.45603E-02
    249.00      4.61511E-02
    250.00      4.77729E-02
    251.00      4.94252E-02
    252.00      5.11077E-02
    253.00      5.28203E-02
    254.00      5.45629E-02
    255.00      5.63352E-02
    256.00      5.81371E-02
    257.00      5.99685E-02
    258.00      6.18289E-02
    259.00      6.37180E-02
    260.00      6.56354E-02
    261.00      6.75807E-02
    262.00      6.95537E-02
    263.00      7.15540E-02
    264.00      7.35814E-02
    265.00      7.56354E-02
    266.00      7.77155E-02
    267.00      7.98217E-02
    268.00      8.19534E-02
    269.00      8.41102E-02
    270.00      8.62919E-02
    271.00      8.84979E-02
    272.00      9.07277E-02
    273.00      9.29847E-02
    274.00      9.52695E-02
    275.00      9.75771E-02
    276.00      9.99071E-02
    277.00      0.10226    
    278.00      0.10464    
    279.00      0.10705    
    280.00      0.10948    
    281.00      0.11192    
    282.00      0.11439    
    283.00      0.11689    
    284.00      0.11940    
    285.00      4.68550E-11
    286.00      5.64061E-11
    287.00      6.77621E-11
    288.00      8.12386E-11
    289.00      9.71974E-11
    290.00      1.16059E-10
    291.00      1.38307E-10
    292.00      1.64504E-10
    293.00      1.95287E-10
    294.00      2.31397E-10
    295.00      2.73672E-10
    296.00      3.23077E-10
    297.00      3.80710E-10
    298.00      4.47829E-10
    299.00      5.25860E-10
    300.00      6.16414E-10
    301.00      7.21353E-10
    302.00      8.42728E-10
    303.00      9.82907E-10
    304.00      1.14452E-09
    305.00      1.33057E-09
    306.00      1.54433E-09
    307.00      1.78962E-09
    308.00      2.07067E-09
    309.00      2.39222E-09
    310.00      2.75954E-09
    311.00      3.17862E-09
    312.00      3.65601E-09
    313.00      4.19902E-09
    314.00      4.81576E-09
    315.00      5.51539E-09
    316.00      6.30794E-09
    317.00      7.20449E-09
    318.00      8.21743E-09
    319.00      9.36022E-09
    320.00      1.06480E-08
    321.00      1.20971E-08
    322.00      1.37259E-08
    323.00      1.55544E-08
    324.00      1.76045E-08
    325.00      1.99002E-08
    326.00      2.24674E-08
    327.00      2.53357E-08
    328.00      2.85358E-08
    329.00      3.21028E-08
    330.00      3.60743E-08
    331.00      4.04913E-08
    332.00      4.53985E-08
    333.00      5.08446E-08
    334.00      5.68808E-08
    335.00      6.35649E-08
    336.00      7.09589E-08
    337.00      7.91302E-08
    338.00      8.81498E-08
    339.00      9.80971E-08
    340.00      1.09055E-07
    341.00      1.21117E-07
    342.00      1.34376E-07
    343.00      1.48942E-07
    344.00      1.64926E-07
    345.00      1.82453E-07
    346.00      2.01650E-07
    347.00      2.22661E-07
    348.00      2.45635E-07
    349.00      2.70734E-07
    350.00      2.98128E-07
    351.00      3.28007E-07
    352.00      3.60559E-07
    353.00      3.95999E-07
    354.00      4.34555E-07
    355.00      4.76460E-07
    356.00      5.21968E-07
    357.00      5.71348E-07
    358.00      6.24899E-07
    359.00      6.82908E-07
    360.00      7.45716E-07
    361.00      8.13656E-07
    362.00      8.87091E-07
    363.00      9.66421E-07
    364.00      1.05204E-06
    365.00      1.14439E-06
    366.00      1.24391E-06
    367.00      1.35111E-06
    368.00      1.46647E-06
    369.00      1.59055E-06
    370.00      1.72390E-06
    371.00      1.86711E-06
    372.00      2.02082E-06
    373.00      2.18569E-06
    374.00      2.36241E-06
    375.00      2.55170E-06
    376.00      2.75897E-06
    377.00      2.99124E-06
    378.00      3.24071E-06
    379.00      3.50850E-06
    380.00      3.79574E-06
    381.00      4.10364E-06
    382.00      4.43685E-06
    383.00      4.80468E-06
    384.00      5.19933E-06
    385.00      5.62236E-06
    386.00      6.07551E-06
    387.00      6.56064E-06
    388.00      7.07966E-06
    389.00      7.63489E-06
    390.00      8.22821E-06
    391.00      8.86165E-06
    392.00      9.53762E-06
    393.00      1.02585E-05
    394.00      1.10267E-05
    395.00      1.18450E-05
    396.00      1.27161E-05
    397.00      1.36427E-05
    398.00      1.46279E-05
    399.00      1.56746E-05
    400.00      1.67863E-05
    401.00      1.79661E-05
    402.00      1.92176E-05
    403.00      2.05445E-05
    404.00      2.19502E-05
    405.00      2.34390E-05
    406.00      2.50146E-05
    407.00      2.66813E-05
    408.00      2.84434E-05
    409.00      3.03054E-05
    410.00      3.22720E-05
    411.00      3.43481E-05
    412.00      3.65382E-05
    413.00      3.88480E-05
    414.00      4.12824E-05
    415.00      4.38467E-05
    416.00      4.65472E-05
    417.00      4.93891E-05
    418.00      5.23786E-05
    419.00      5.55221E-05
    420.00      5.88258E-05
    421.00      6.22972E-05
    422.00      6.59415E-05
    423.00      6.97669E-05
    424.00      7.37800E-05
    425.00      7.79880E-05
    426.00      8.23992E-05
    427.00      8.70206E-05
    428.00      9.18602E-05
    429.00      9.69275E-05
    430.00      1.02228E-04
    431.00      1.07774E-04
    432.00      1.13572E-04
    433.00      1.19632E-04
    434.00      1.25961E-04
    435.00      1.32572E-04
    436.00      1.39473E-04
    437.00      1.46672E-04
    438.00      1.54183E-04
    439.00      1.62014E-04
    440.00      1.70176E-04
    441.00      1.78680E-04
    442.00      1.87536E-04
    443.00      1.96757E-04
    444.00      2.06355E-04
    445.00      2.16339E-04
    446.00      2.26723E-04
    447.00      2.37519E-04
    448.00      2.48738E-04
    449.00      2.60396E-04
    450.00      2.72503E-04
    451.00      2.85073E-04
    452.00      2.98119E-04
    453.00      3.11655E-04
    454.00      3.25696E-04
    455.00      3.40254E-04
    456.00      3.55342E-04
    457.00      3.70976E-04
    458.00      3.87171E-04
    459.00      4.03943E-04
    460.00      4.21306E-04
    461.00      4.39276E-04
    462.00      4.57868E-04
    463.00      4.77101E-04
    464.00      4.96986E-04
    465.00      5.17546E-04
    466.00      5.38790E-04
    467.00      5.60742E-04
    468.00      5.83415E-04
    469.00      6.06824E-04
    470.00      6.30990E-04
    471.00      6.55926E-04
    472.00      6.81653E-04
    473.00      7.08189E-04
    474.00      7.35550E-04
    475.00      7.63761E-04
    476.00      7.92832E-04
    477.00      8.22789E-04
    478.00      8.53646E-04
    479.00      8.85457E-04
    480.00      9.18212E-04
    481.00      9.51924E-04
    482.00      9.86621E-04
    483.00      1.02232E-03
    484.00      1.05904E-03
    485.00      1.09679E-03
    486.00      1.13588E-03
    487.00      1.17652E-03
    488.00      1.21832E-03
    489.00      1.26128E-03
    490.00      1.30543E-03
    491.00      1.35078E-03
    492.00      1.39738E-03
    493.00      1.44523E-03
    494.00      1.49436E-03
    495.00      1.54480E-03
    496.00      1.59656E-03
    497.00      1.64967E-03
    498.00      1.70415E-03
    499.00      1.76003E-03
    500.00      1.81733E-03
    501.00      1.87607E-03
    502.00      1.93628E-03
    503.00      1.99798E-03
    504.00      2.06119E-03
    505.00      2.12595E-03
    506.00      2.19227E-03
    507.00      2.26016E-03
    508.00      2.32968E-03
    509.00      2.40082E-03
    510.00      2.47362E-03
    511.00      2.54810E-03
    512.00      2.62429E-03
    513.00      2.70221E-03
    514.00      2.78188E-03
    515.00      2.86333E-03
    516.00      2.94659E-03
    517.00      3.03169E-03
    518.00      3.11862E-03
    519.00      3.20744E-03
    520.00      3.29816E-03
    521.00      3.39080E-03
    522.00      3.48539E-03
    523.00      3.58197E-03
    524.00      3.68053E-03
    525.00      3.78112E-03
    526.00      3.88376E-03
    527.00      3.98847E-03
    528.00      4.09529E-03
    529.00      4.20422E-03
    530.00      4.31530E-03
    531.00      4.42854E-03
    532.00      4.54397E-03
    533.00      4.66163E-03
    534.00      4.78152E-03
    535.00      4.90366E-03
    536.00      5.02810E-03
    537.00      5.15482E-03
    538.00      5.28390E-03
    539.00      5.41534E-03
    540.00      5.54914E-03
    541.00      5.68535E-03
    542.00      5.82399E-03
    543.00      5.96506E-03
    544.00      5.53162E-05
    545.00      5.78528E-05
    546.00      6.04879E-05
    547.00      6.32251E-05
    548.00      6.60679E-05
    549.00      6.90188E-05
    550.00      7.20821E-05
    551.00      7.52600E-05
    552.00      7.85570E-05
    553.00      8.19762E-05
    554.00      8.55211E-05
    555.00      8.91956E-05
    556.00      9.30031E-05
    557.00      9.69479E-05
    558.00      1.01034E-04
    559.00      1.05265E-04
    560.00      1.09645E-04
    561.00      1.14179E-04
    562.00      1.18865E-04
    563.00      1.23712E-04
    564.00      1.28725E-04
    565.00      1.33908E-04
    566.00      1.39266E-04
    567.00      1.44803E-04
    568.00      1.50525E-04
    569.00      1.56436E-04
    570.00      1.62540E-04
    571.00      1.68796E-04
    572.00      1.75246E-04
    573.00      1.81901E-04
    574.00      1.88765E-04
    575.00      1.95846E-04
    576.00      2.03147E-04
    577.00      2.10673E-04
    578.00      2.18430E-04
    579.00      2.26425E-04
    580.00      2.34648E-04
    581.00      2.43112E-04
    582.00      2.51827E-04
    583.00      2.60800E-04
    584.00      2.70039E-04
    585.00      2.79545E-04
    586.00      2.89326E-04
    587.00      2.99390E-04
    588.00      3.09742E-04
    589.00      3.20382E-04
    590.00      3.31313E-04
    591.00      3.42548E-04
    592.00      3.54097E-04
    593.00      3.65963E-04
    594.00      3.78155E-04
    595.00      3.90676E-04
    596.00      4.03539E-04
    597.00      4.16746E-04
    598.00      4.30304E-04
    599.00      4.44224E-04
    600.00      4.58509E-04
    601.00      4.73168E-04
    602.00      4.88208E-04
    603.00      5.03634E-04
    604.00      5.19456E-04
    605.00      5.35682E-04
    606.00      5.52314E-04
    607.00      5.69366E-04
    608.00      5.86842E-04
    609.00      6.04753E-04
    610.00      6.23100E-04
    611.00      6.41899E-04
    612.00      6.61154E-04
    613.00      6.80872E-04
    614.00      7.01062E-04
    615.00      7.21732E-04
    616.00      7.42890E-04
    617.00      7.64545E-04
    618.00      7.86710E-04
    619.00      8.09412E-04
    620.00      8.32635E-04
    621.00      8.56390E-04
    622.00      8.80684E-04
    623.00      9.05528E-04
    624.00      9.30929E-04
    625.00      9.56895E-04
    626.00      9.83436E-04
    627.00      1.01056E-03
    628.00      1.03836E-03
    629.00      1.06705E-03
    630.00      1.09636E-03
    631.00      1.12630E-03
    632.00      1.15690E-03
    633.00      1.18815E-03
    634.00      1.22006E-03
    635.00      1.25265E-03
    636.00      1.28592E-03
    637.00      1.31989E-03
    638.00      1.35462E-03
    639.00      1.39068E-03
    640.00      1.42748E-03
    641.00      1.46505E-03
    642.00      1.50340E-03
    643.00      1.54253E-03
    644.00      1.58245E-03
    645.00      1.62318E-03
    646.00      1.66473E-03
    647.00      1.70711E-03
    648.00      1.75032E-03
    649.00      1.79480E-03
    650.00      1.84028E-03
    651.00      1.88664E-03
    652.00      1.93392E-03
    653.00      1.98211E-03
    654.00      2.03124E-03
    655.00      2.08130E-03
    656.00      2.13231E-03
    657.00      2.18428E-03
    658.00      2.23723E-03
    659.00      2.29117E-03
    660.00      2.34611E-03
    661.00      2.40205E-03
    662.00      2.45903E-03
    663.00      2.51704E-03
    664.00      2.57608E-03
    665.00      2.63619E-03
    666.00      2.69737E-03
    667.00      2.75962E-03
    668.00      2.82297E-03
    669.00      2.88742E-03
    670.00      2.95106E-03
    671.00      3.01464E-03
    672.00      3.07925E-03
    673.00      3.14491E-03
    674.00      3.21162E-03
    675.00      3.27939E-03
    676.00      3.34822E-03
    677.00      3.41814E-03
    678.00      3.48916E-03
    679.00      3.56128E-03
    680.00      3.63452E-03
    681.00      3.70645E-03
    682.00      3.77886E-03
    683.00      3.85232E-03
    684.00      3.92683E-03
    685.00      4.00241E-03
    686.00      4.07906E-03
    687.00      4.15680E-03
    688.00      4.23563E-03
    689.00      4.31555E-03
    690.00      4.39660E-03
    691.00      4.47875E-03
    692.00      4.56132E-03
    693.00      4.64482E-03
    694.00      4.72945E-03
    695.00      4.81521E-03
    696.00      4.90209E-03
    697.00      4.99012E-03
    698.00      5.07930E-03
    699.00      5.16963E-03
    700.00      5.26113E-03
    701.00      5.35380E-03
    702.00      5.44766E-03
    703.00      5.54698E-03
    704.00      5.65019E-03
    705.00      5.75480E-03
    706.00      5.86080E-03
    707.00      5.96823E-03
    708.00      6.07707E-03
    709.00      6.18735E-03
    710.00      6.29908E-03
    711.00      6.41223E-03
    712.00      6.52688E-03
    713.00      6.64297E-03
    714.00      6.76200E-03
    715.00      6.88662E-03
    716.00      7.01291E-03
    717.00      7.14081E-03
    718.00      7.27042E-03
    719.00      7.40170E-03
    720.00      7.53468E-03
    721.00      7.66936E-03
    722.00      7.80575E-03
    723.00      7.94387E-03
    724.00      8.08370E-03
    725.00      8.22531E-03
    726.00      8.36860E-03
    727.00      8.51358E-03
    728.00      8.66036E-03
    729.00      8.80892E-03
    730.00      8.95928E-03
    731.00      9.11141E-03
    732.00      9.26538E-03
    733.00      9.42117E-03
    734.00      9.57878E-03
    735.00      9.73828E-03
    736.00      9.89959E-03
    737.00      1.00628E-02
    738.00      1.02279E-02
    739.00      1.03949E-02
    740.00      1.05637E-02
    741.00      1.07345E-02
    742.00      1.09072E-02
    743.00      1.10817E-02
    744.00      1.12583E-02
    745.00      1.14367E-02
    746.00      1.16171E-02
    747.00      1.17995E-02
    748.00      1.19838E-02
    749.00      1.21701E-02
    750.00      1.23584E-02
    751.00      1.25488E-02
    752.00      1.27411E-02
    753.00      1.29354E-02
    754.00      1.31318E-02
    755.00      1.33301E-02
    756.00      1.35305E-02
    757.00      1.37329E-02
    758.00      1.39374E-02
    759.00      1.41439E-02
    760.00      1.43524E-02
    761.00      1.45631E-02
    762.00      1.47764E-02
    763.00      1.49919E-02
    764.00      1.52095E-02
    765.00      1.54291E-02
    766.00      1.56509E-02
    767.00      1.58748E-02
    768.00      1.61008E-02
    769.00      1.63290E-02
    770.00      1.65593E-02
    771.00      1.67917E-02
    772.00      1.70263E-02
    773.00      1.72631E-02
    774.00      1.75037E-02
    775.00      1.77474E-02
    776.00      1.79934E-02
    777.00      1.82416E-02
    778.00      1.84920E-02
    779.00      1.87447E-02
    780.00      1.89996E-02
    781.00      1.92567E-02
    782.00      1.95162E-02
    783.00      1.97779E-02
    784.00      2.00418E-02
    785.00      2.03080E-02
    786.00      2.05769E-02
    787.00      2.08501E-02
    788.00      2.11257E-02
    789.00      2.14036E-02
    790.00      2.16838E-02
    791.00      2.19664E-02
    792.00      2.22513E-02
    793.00      2.25386E-02
    794.00      2.28282E-02
    795.00      2.31203E-02
    796.00      2.34146E-02
    797.00      2.37113E-02
    798.00      2.40104E-02
    799.00      2.43119E-02
    800.00      2.46158E-02
    801.00      2.49220E-02
    802.00      2.52307E-02
    803.00      2.55417E-02
    804.00      2.58551E-02
    805.00      2.61709E-02
    806.00      2.64891E-02
    807.00      2.68097E-02
    808.00      2.71327E-02
    809.00      2.74581E-02
    810.00      2.77859E-02
    811.00      2.81160E-02
    812.00      2.84487E-02
    813.00      2.87836E-02
    814.00      2.91210E-02
    815.00      2.94607E-02
    816.00      2.98029E-02
    817.00      3.01474E-02
    818.00      3.04945E-02
    819.00      3.08439E-02
    820.00      3.11957E-02
    821.00      3.15500E-02
    822.00      3.19066E-02
    823.00      3.22657E-02
    824.00      3.26271E-02
    825.00      3.29910E-02
    826.00      3.33573E-02
    827.00      3.37260E-02
    828.00      3.40970E-02
    829.00      3.44705E-02
    830.00      3.48464E-02
    831.00      3.52248E-02
    832.00      3.56055E-02
    833.00      3.59886E-02
    834.00      3.63742E-02
    835.00      3.67621E-02
    836.00      3.71525E-02
    837.00      3.75452E-02
    838.00      3.79402E-02
    839.00      3.83346E-02
    840.00      3.87313E-02
    841.00      3.91303E-02
    842.00      3.95317E-02
    843.00      3.99355E-02
    844.00      4.03416E-02
    845.00      4.07500E-02
    846.00      4.11608E-02
    847.00      4.15739E-02
    848.00      4.19895E-02
    849.00      4.24072E-02
    850.00      4.28274E-02
    851.00      4.32499E-02
    852.00      4.36728E-02
    853.00      4.40962E-02
    854.00      4.45218E-02
    855.00      4.49496E-02
    856.00      4.53798E-02
    857.00      4.58122E-02
    858.00      4.62469E-02
    859.00      4.66838E-02
    860.00      4.71230E-02
    861.00      4.75645E-02
    862.00      4.80083E-02
    863.00      4.84542E-02
    864.00      4.89024E-02
    865.00      4.93529E-02
    866.00      4.98029E-02
    867.00      5.02541E-02
    868.00      5.07075E-02
    869.00      5.11631E-02
    870.00      5.16208E-02
    871.00      5.20808E-02
    872.00      5.25429E-02
    873.00      5.30071E-02
    874.00      5.34736E-02
    875.00      5.39421E-02
    876.00      5.44129E-02
    877.00      5.48857E-02
    878.00      5.53607E-02
    879.00      5.58378E-02
    880.00      5.63171E-02
    881.00      5.67984E-02
    882.00      5.72818E-02
    883.00      5.77673E-02
    884.00      5.82550E-02
    885.00      5.87448E-02
    886.00      5.92366E-02
    887.00      5.97305E-02
    888.00      6.02266E-02
    889.00      6.07246E-02
    890.00      6.12248E-02
    891.00      6.17270E-02
    892.00      6.22313E-02
    893.00      6.27377E-02
    894.00      6.32460E-02
    895.00      6.37564E-02
    896.00      6.42689E-02
    897.00      6.47835E-02
    898.00      6.52999E-02
    899.00      6.58184E-02
    900.00      6.63390E-02
    901.00      6.68616E-02
    902.00      6.73861E-02
    903.00      6.79126E-02
    904.00      6.84411E-02
    905.00      6.89715E-02
    906.00      6.95040E-02
    907.00      7.00385E-02
    908.00      7.05749E-02
    909.00      7.11132E-02
    910.00      7.16535E-02
    911.00      7.21956E-02
    912.00      7.27398E-02
    913.00      7.32858E-02
    914.00      7.38338E-02
    915.00      7.43836E-02
    916.00      7.49354E-02
    917.00      7.54891E-02
    918.00      7.60447E-02
    919.00      7.66021E-02
    920.00      7.71614E-02
    921.00      7.77226E-02
    922.00      7.82857E-02
    923.00      7.88562E-02
    924.00      7.94381E-02
    925.00      8.00222E-02
    926.00      8.06081E-02
    927.00      8.11958E-02
    928.00      8.17855E-02
    929.00      8.23772E-02
    930.00      8.29708E-02
    931.00      8.35663E-02
    932.00      8.41637E-02
    933.00      8.47630E-02
    934.00      8.53642E-02
    935.00      8.59672E-02
    936.00      8.65722E-02
    937.00      8.71789E-02
    938.00      8.77893E-02
    939.00      8.84036E-02
    940.00      8.90199E-02
    941.00      8.96378E-02
    942.00      9.02579E-02
    943.00      9.08796E-02
    944.00      9.15032E-02
    945.00      9.21286E-02
    946.00      9.27558E-02
    947.00      9.33849E-02
    948.00      9.40157E-02
    949.00      9.46482E-02
    950.00      9.52826E-02
    951.00      9.59187E-02
    952.00      9.65565E-02
    953.00      9.71972E-02
    954.00      9.78423E-02
    955.00      9.84889E-02
    956.00      9.91372E-02
    957.00      9.97875E-02
    958.00      0.10044    
    959.00      0.10109    
    960.00      0.10175    
    961.00      0.10241    
    962.00      0.10306    
    963.00      0.10372    
    964.00      0.10439    
    965.00      0.10505    
    966.00      0.10572    
    967.00      0.10638    
    968.00      0.10705    
    969.00      0.10772    
    970.00      0.10839    
    971.00      0.10907    
    972.00      0.10974    
    973.00      0.11042    
    974.00      0.11110    
    975.00      0.11178    
    976.00      0.11246    
    977.00      0.11314    
    978.00      0.11383    
    979.00      0.11451    
    980.00      0.11520    
    981.00      0.11589    
    982.00      0.11658    
    983.00      0.11727    
    984.00      0.11797    
    985.00      0.11866    
    986.00      0.11936    
    987.00      0.12005    
    988.00      0.12075    
    989.00      0.12145    
    990.00      0.12216    
    991.00      0.12286    
    992.00      0.12356    
    993.00      0.12427    
    994.00      0.12498    
    995.00      0.12569    
    996.00      0.12640    
    997.00      0.12711    
    998.00      0.12782    
    999.00      0.12853    
    1000.0      0.12925    
    1001.0      0.12997    
    1002.0      0.13068    
    1003.0      0.13140    
    1004.0      0.13212    
    1005.0      0.13284    
    1006.0      0.13356    
    1007.0      0.13429    
    1008.0      0.13501    
    1009.0      0.13574    
    1010.0      0.13647    
    1011.0      0.13720    
    1012.0      0.13793    
    1013.0      0.13866    
    1014.0      0.13939    
    1015.0      0.14012    
    1016.0      0.14086    
    1017.0      0.14159    
    1018.0      0.14232    
    1019.0      0.14305    
    1020.0      0.14379    
    1021.0      0.14452    
    1022.0      0.14526    
    1023.0      0.14599    
    1024.0      0.14673    
    1025.0      0.14747    
    1026.0      0.14821    
    1027.0      0.14895    
    1028.0      0.14970    
    1029.0      0.15044    
    1030.0      0.15118    
    1031.0      0.15193    
    1032.0      0.15267    
    1033.0      0.15343    
    1034.0      0.15418    
    1035.0      0.15494    
    1036.0      0.15570    
    1037.0      0.15645    
    1038.0      0.15721    
    1039.0      0.15797    
    1040.0      0.15873    
    1041.0      0.15950    
    1042.0      0.16026    
    1043.0      0.16102    
    1044.0      0.16179    
    1045.0      0.16255    
    1046.0      0.16332    
    1047.0      0.16409    
    1048.0      0.16486    
    1049.0      0.16563    
    1050.0      0.16640    
    1051.0      0.16718    
    1052.0      0.16796    
    1053.0      0.16874    
    1054.0      0.16952    
    1055.0      0.17030    
    1056.0      0.17109    
    1057.0      0.17187    
    1058.0      0.17266    
    1059.0      0.17344    
    1060.0      0.17423    
    1061.0      0.17501    
    1062.0      0.17580    
    1063.0      0.17659    
    1064.0      0.17738    
    1065.0      0.17817    
    1066.0      0.17896    
    1067.0      0.17975    
    1068.0      0.18054    
    1069.0      0.18133    
    1070.0      0.18213    
    1071.0      0.18292    
    1072.0      0.18372    
    1073.0      0.18451    
    1074.0      0.18531    
    1075.0      0.18610    
    1076.0      0.18690    
    1077.0      0.18770    
    1078.0      0.18850    
    1079.0      0.18930    
    1080.0      0.19010    
    1081.0      0.19090    
    1082.0      0.19170    
    1083.0      0.19250    
    1084.0      0.19330    
    1085.0      0.19410    
    1086.0      0.19491    
    1087.0      0.19571    
    1088.0      0.19651    
    1089.0      0.19732    
    1090.0      0.19812    
    1091.0      0.19893    
    1092.0      0.19974    
    1093.0      0.20054    
    1094.0      0.20135    
    1095.0      0.20216    
    1096.0      0.20297    
    1097.0      0.20378    
    1098.0      0.20458    
    1099.0      0.20539    
    1100.0      0.20620    
    1101.0      0.20702    
    1102.0      0.20783    
    1103.0      0.20864    
    1104.0      0.20945    
    1105.0      0.21026    
    1106.0      0.21108    
    1107.0      0.21189    
    1108.0      0.21270    
    1109.0      0.21352    
    1110.0      0.21433    
    1111.0      0.21515    
    1112.0      0.21596    
    1113.0      0.21678    
    1114.0      0.21759    
    1115.0      0.21841    
    1116.0      0.21923    
    1117.0      0.22004    
    1118.0      0.22086    
    1119.0      0.22168    
    1120.0      0.22250    
    1121.0      0.22331    
    1122.0      0.22413    
    1123.0      0.22495    
    1124.0      0.22577    
    1125.0      0.22659    
    1126.0      0.22740    
    1127.0      0.22822    
    1128.0      0.22904    
    1129.0      0.22986    
    1130.0      0.23068    
    1131.0      0.23150    
    1132.0      0.23232    
    1133.0      0.23314    
    1134.0      0.23396    
    1135.0      0.23478    
    1136.0      0.23560    
    1137.0      0.23642    
    1138.0      0.23724    
    1139.0      0.23806    
    1140.0      0.23889    
    1141.0      0.23971    
    1142.0      0.24053    
    1143.0      0.24135    
    1144.0      0.24217    
    1145.0      0.24299    
    1146.0      0.24381    
    1147.0      0.24464    
    1148.0      0.24546    
    1149.0      0.24628    
    1150.0      0.24710    
    1151.0      0.24792    
    1152.0      0.24875    
    1153.0      0.24957    
    1154.0      0.25039    
    1155.0      0.25121    
    1156.0      0.25204    
    1157.0      0.25286    
    1158.0      0.25368    
    1159.0      0.25450    
    1160.0      0.25533    
    1161.0      0.25615    
    1162.0      0.25697    
    1163.0      0.25779    
    1164.0      0.25862    
    1165.0      0.25944    
    1166.0      0.26026    
    1167.0      0.26109    
    1168.0      0.26191    
    1169.0      0.26273    
    1170.0      0.26355    
    1171.0      0.26437    
    1172.0      0.26520    
    1173.0      0.26602    
    1174.0      0.26684    
    1175.0      0.26766    
    1176.0      0.26849    
    1177.0      0.26931    
    1178.0      0.27013    
    1179.0      0.27095    
    1180.0      0.27177    
    1181.0      0.27259    
    1182.0      0.27341    
    1183.0      0.27424    
    1184.0      0.27506    
    1185.0      0.27588    
    1186.0      0.27670    
    1187.0      0.27752    
    1188.0      0.27834    
    1189.0      0.27916    
    1190.0      0.27998    
    1191.0      0.28080    
    1192.0      0.28162    
    1193.0      0.28244    
    1194.0      0.28326    
    1195.0      0.28407    
    1196.0      0.28489    
    1197.0      0.28571    
    1198.0      0.28653    
    1199.0      0.28735    
    1200.0      0.28817    
    1201.0      0.28898    
    1202.0      0.28980    
    1203.0      0.29062    
    1204.0      0.29144    
    1205.0      0.29225    
    1206.0      0.29307    
    1207.0      0.29389    
    1208.0      0.29470    
    1209.0      0.29552    
    1210.0      0.29633    
    1211.0      0.29715    
    1212.0      0.29796    
    1213.0      0.29878    
    1214.0      0.29959    
    1215.0      0.30041    
    1216.0      0.30122    
    1217.0      0.30203    
    1218.0      0.30285    
    1219.0      0.30366    
    1220.0      0.30447    
    1221.0      0.30529    
    1222.0      0.30610    
    1223.0      0.30691    
    1224.0      0.30772    
    1225.0      0.30853    
    1226.0      0.30934    
    1227.0      0.31015    
    1228.0      0.31096    
    1229.0      0.31177    
    1230.0      0.31258    
    1231.0      0.31339    
    1232.0      0.31420    
    1233.0      0.31501    
    1234.0      0.31582    
    1235.0      0.31664    
    1236.0      0.31745    
    1237.0      0.31826    
    1238.0      0.31907    
    1239.0      0.31988    
    1240.0      0.32069    
    1241.0      0.32150    
    1242.0      0.32230    
    1243.0      0.32311    
    1244.0      0.32392    
    1245.0      0.32473    
    1246.0      0.32553    
    1247.0      0.32634    
    1248.0      0.32715    
    1249.0      0.32795    
    1250.0      0.32876    
    1251.0      0.32956    
    1252.0      0.33037    
    1253.0      0.33118    
    1254.0      0.33198    
    1255.0      0.33279    
    1256.0      0.33360    
    1257.0      0.33441    
    1258.0      0.33521    
    1259.0      0.33602    
    1260.0      0.33682    
    1261.0      0.33763    
    1262.0      0.33843    
    1263.0      0.33923    
    1264.0      0.34004    
    1265.0      0.34084    
    1266.0      0.34164    
    1267.0      0.34244    
    1268.0      0.34324    
    1269.0      0.34404    
    1270.0      0.34484    
    1271.0      0.34564    
    1272.0      0.34644    
    1273.0      0.34725    
    1274.0      0.34805    
    1275.0      0.34885    
    1276.0      0.34966    
    1277.0      0.35046    
    1278.0      0.35126    
    1279.0      0.35206    
    1280.0      0.35286    
    1281.0      0.35366    
    1282.0      0.35446    
    1283.0      0.35526    
    1284.0      0.35606    
    1285.0      0.35686    
    1286.0      0.35765    
    1287.0      0.35845    
    1288.0      0.35925    
    1289.0      0.36004    
    1290.0      0.36084    
    1291.0      0.36163    
    1292.0      0.36243    
    1293.0      0.36322    
    1294.0      0.36401    
    1295.0      0.36480    
    1296.0      0.36559    
    1297.0      0.36638    
    1298.0      0.36717    
    1299.0      0.36796    
    1300.0      0.36875    
    1301.0      0.36954    
    1302.0      0.37033    
    1303.0      0.37111    
    1304.0      0.37190    
    1305.0      0.37269    
    1306.0      0.37347    
    1307.0      0.37426    
    1308.0      0.37504    
    1309.0      0.37582    
    1310.0      0.37660    
    1311.0      0.37739    
    1312.0      0.37817    
    1313.0      0.37895    
    1314.0      0.37973    
    1315.0      0.38051    
    1316.0      0.38129    
    1317.0      0.38206    
    1318.0      0.38284    
    1319.0      0.38362    
    1320.0      0.38439    
    1321.0      0.38517    
    1322.0      0.38594    
    1323.0      0.38672    
    1324.0      0.38749    
    1325.0      0.38826    
    1326.0      0.38903    
    1327.0      0.38981    
    1328.0      0.39058    
    1329.0      0.39135    
    1330.0      0.39212    
    1331.0      0.39288    
    1332.0      0.39365    
    1333.0      0.39442    
    1334.0      0.39519    
    1335.0      0.39595    
    1336.0      0.39672    
    1337.0      0.39748    
    1338.0      0.39824    
    1339.0      0.39901    
    1340.0      0.39977    
    1341.0      0.40053    
    1342.0      0.40129    
    1343.0      0.40205    
    1344.0      0.40281    
    1345.0      0.40357    
    1346.0      0.40433    
    1347.0      0.40509    
    1348.0      0.40584    
    1349.0      0.40660    
    1350.0      0.40736    
    1351.0      0.40811    
    1352.0      0.40886    
    1353.0      0.40962    
    1354.0      0.41037    
    1355.0      0.41112    
    1356.0      0.41187    
    1357.0      0.41262    
    1358.0      0.41337    
    1359.0      0.41412    
    1360.0      0.41487    
    1361.0      0.41562    
    1362.0      0.41636    
    1363.0      0.41711    
    1364.0      0.41785    
    1365.0      0.41860    
    1366.0      0.41934    
    1367.0      0.42008    
    1368.0      0.42082    
    1369.0      0.42157    
    1370.0      0.42231    
    1371.0      0.42305    
    1372.0      0.42378    
    1373.0      0.42452    
    1374.0      0.42526    
    1375.0      0.42600    
    1376.0      0.42673    
    1377.0      0.42747    
    1378.0      0.42820    
    1379.0      0.42894    
    1380.0      0.42967    
    1381.0      0.43040    
    1382.0      0.43113    
    1383.0      0.43186    
    1384.0      0.43259    
    1385.0      0.43332    
    1386.0      0.43405    
    1387.0      0.43478    
    1388.0      0.43550    
    1389.0      0.43623    
    1390.0      0.43696    
    1391.0      0.43768    
    1392.0      0.43840    
    1393.0      0.43913    
    1394.0      0.43985    
    1395.0      0.44057    
    1396.0      0.44129    
    1397.0      0.44201    
    1398.0      0.44273    
    1399.0      0.44345    
    1400.0      0.44417    
    1401.0      0.44488    
    1402.0      0.44560    
    1403.0      0.44631    
    1404.0      0.44703    
    1405.0      0.44774    
    1406.0      0.44846    
    1407.0      0.44917    
    1408.0      0.44988    
    1409.0      0.45059    
    1410.0      0.45130    
    1411.0      0.45201    
    1412.0      0.45272    
    1413.0      0.45342    
    1414.0      0.45413    
    1415.0      0.45484    
    1416.0      0.45554    
    1417.0      0.45625    
    1418.0      0.45695    
    1419.0      0.45765    
    1420.0      0.45836    
    1421.0      0.45906    
    1422.0      0.45976    
    1423.0      0.46046    
    1424.0      0.46115    
    1425.0      0.46185    
    1426.0      0.46255    
    1427.0      0.46325    
    1428.0      0.46394    
    1429.0      0.46464    
    1430.0      0.46533    
    1431.0      0.46602    
    1432.0      0.46671    
    1433.0      0.46741    
    1434.0      0.46810    
    1435.0      0.46879    
    1436.0      0.46947    
    1437.0      0.47016    
    1438.0      0.47085    
    1439.0      0.47154    
    1440.0      0.47222    
    1441.0      0.47291    
    1442.0      0.47359    
    1443.0      0.47427    
    1444.0      0.47496    
    1445.0      0.47564    
    1446.0      0.47632    
    1447.0      0.47700    
    1448.0      0.47768    
    1449.0      0.47836    
    1450.0      0.47904    
    1451.0      0.47972    
    1452.0      0.48039    
    1453.0      0.48107    
    1454.0      0.48174    
    1455.0      0.48242    
    1456.0      0.48309    
    1457.0      0.48376    
    1458.0      0.48444    
    1459.0      0.48511    
    1460.0      0.48578    
    1461.0      0.48645    
    1462.0      0.48712    
    1463.0      0.48778    
    1464.0      0.48845    
    1465.0      0.48912    
    1466.0      0.48978    
    1467.0      0.49045    
    1468.0      0.49111    
    1469.0      0.49177    
    1470.0      0.49244    
    1471.0      0.49310    
    1472.0      0.49376    
    1473.0      0.49442    
    1474.0      0.49509    
    1475.0      0.49575    
    1476.0      0.49640    
    1477.0      0.49706    
    1478.0      0.49772    
    1479.0      0.49838    
    1480.0      0.49903    
    1481.0      0.49969    
    1482.0      0.50034    
    1483.0      0.50100    
    1484.0      0.50165    
    1485.0      0.50230    
    1486.0      0.50295    
    1487.0      0.50360    
    1488.0      0.50425    
    1489.0      0.50490    
    1490.0      0.50555    
    1491.0      0.50619    
    1492.0      0.50684    
    1493.0      0.50748    
    1494.0      0.50813    
    1495.0      0.50878    
    1496.0      0.50943    
    1497.0      0.51008    
    1498.0      0.51073    
    1499.0      0.51137    
    1500.0      0.51202    
    1501.0      0.51266    
    1502.0      0.51331    
    1503.0      0.51395    
    1504.0      0.51459    
    1505.0      0.51523    
    1506.0      0.51587    
    1507.0      0.51651    
    1508.0      0.51715    
    1509.0      0.51779    
    1510.0      0.51843    
    1511.0      0.51906    
    1512.0      0.51970    
    1513.0      0.52033    
    1514.0      0.52097    
    1515.0      0.52160    
    1516.0      0.52223    
    1517.0      0.52286    
    1518.0      0.52350    
    1519.0      0.52413    
    1520.0      0.52476    
    1521.0      0.52538    
    1522.0      0.52601    
    1523.0      0.52664    
    1524.0      0.52727    
    1525.0      0.52789    
    1526.0      0.52852    
    1527.0      0.52914    
    1528.0      0.52976    
    1529.0      0.53038    
    1530.0      0.53101    
    1531.0      0.53163    
    1532.0      0.53225    
    1533.0      0.53286    
    1534.0      0.53348    
    1535.0      0.53410    
    1536.0      0.53472    
    1537.0      0.53533    
    1538.0      0.53595    
    1539.0      0.53656    
    1540.0      0.53717    
    1541.0      0.53778    
    1542.0      0.53840    
    1543.0      0.53901    
    1544.0      0.53962    
    1545.0      0.54022    
    1546.0      0.54083    
    1547.0      0.54144    
    1548.0      0.54205    
    1549.0      0.54265    
    1550.0      0.54326    
    1551.0      0.54386    
    1552.0      0.54446    
    1553.0      0.54506    
    1554.0      0.54567    
    1555.0      0.54627    
    1556.0      0.54687    
    1557.0      0.54746    
    1558.0      0.54806    
    1559.0      0.54866    
    1560.0      0.54926    
    1561.0      0.54985    
    1562.0      0.55045    
    1563.0      0.55104    
    1564.0      0.55163    
    1565.0      0.55223    
    1566.0      0.55282    
    1567.0      0.55341    
    1568.0      0.55400    
    1569.0      0.55459    
    1570.0      0.55518    
    1571.0      0.55576    
    1572.0      0.55635    
    1573.0      0.55694    
    1574.0      0.55752    
    1575.0      0.55811    
    1576.0      0.55869    
    1577.0      0.55927    
    1578.0      0.55986    
    1579.0      0.56044    
    1580.0      0.56102    
    1581.0      0.56160    
    1582.0      0.56218    
    1583.0      0.56275    
    1584.0      0.56333    
    1585.0      0.56391    
    1586.0      0.56448    
    1587.0      0.56506    
    1588.0      0.56563    
    1589.0      0.56621    
    1590.0      0.56678    
    1591.0      0.56735    
    1592.0      0.56792    
    1593.0      0.56849    
    1594.0      0.56906    
    1595.0      0.56963    
    1596.0      0.57020    
    1597.0      0.57076    
    1598.0      0.57133    
    1599.0      0.57189    
    1600.0      0.57246    
    1601.0      0.57302    
    1602.0      0.57359    
    1603.0      0.57415    
    1604.0      0.57471    
    1605.0      0.57527    
    1606.0      0.57583    
    1607.0      0.57639    
    1608.0      0.57695    
    1609.0      0.57750    
    1610.0      0.57806    
    1611.0      0.57862    
    1612.0      0.57917    
    1613.0      0.57973    
    1614.0      0.58028    
    1615.0      0.58083    
    1616.0      0.58138    
    1617.0      0.58193    
    1618.0      0.58248    
    1619.0      0.58303    
    1620.0      0.58358    
    1621.0      0.58413    
    1622.0      0.58468    
    1623.0      0.58522    
    1624.0      0.58577    
    1625.0      0.58631    
    1626.0      0.58686    
    1627.0      0.58740    
    1628.0      0.58794    
    1629.0      0.58849    
    1630.0      0.58903    
    1631.0      0.58957    
    1632.0      0.59011    
    1633.0      0.59064    
    1634.0      0.59118    
    1635.0      0.59172    
    1636.0      0.59226    
    1637.0      0.59279    
    1638.0      0.59333    
    1639.0      0.59386    
    1640.0      0.59439    
    1641.0      0.59493    
    1642.0      0.59546    
    1643.0      0.59599    
    1644.0      0.59652    
    1645.0      0.59705    
    1646.0      0.59758    
    1647.0      0.59810    
    1648.0      0.59863    
    1649.0      0.59916    
    1650.0      0.59968    
    1651.0      0.60021    
    1652.0      0.60073    
    1653.0      0.60126    
    1654.0      0.60178    
    1655.0      0.60230    
    1656.0      0.60282    
    1657.0      0.60334    
    1658.0      0.60386    
    1659.0      0.60438    
    1660.0      0.60490    
    1661.0      0.60542    
    1662.0      0.60593    
    1663.0      0.60645    
    1664.0      0.60696    
    1665.0      0.60748    
    1666.0      0.60799    
    1667.0      0.60850    
    1668.0      0.60902    
    1669.0      0.60953    
    1670.0      0.61004    
    1671.0      0.61055    
    1672.0      0.61106    
    1673.0      0.61157    
    1674.0      0.61207    
    1675.0      0.61258    
    1676.0      0.61309    
    1677.0      0.61359    
    1678.0      0.61410    
    1679.0      0.61460    
    1680.0      0.61510    
    1681.0      0.61561    
    1682.0      0.61611    
    1683.0      0.61661    
    1684.0      0.61711    
    1685.0      0.61761    
    1686.0      0.61811    
    1687.0      0.61861    
    1688.0      0.61910    
    1689.0      0.61960    
    1690.0      0.62010    
    1691.0      0.62059    
    1692.0      0.62109    
    1693.0      0.62158    
    1694.0      0.62207    
    1695.0      0.62256    
    1696.0      0.62306    
    1697.0      0.62355    
    1698.0      0.62404    
    1699.0      0.62453    
    1700.0      0.62502    
    1701.0      0.62550    
    1702.0      0.62599    
    1703.0      0.62648    
    1704.0      0.62696    
    1705.0      0.62745    
    1706.0      0.62793    
    1707.0      0.62842    
    1708.0      0.62890    
    1709.0      0.62938    
    1710.0      0.62986    
    1711.0      0.63034    
    1712.0      0.63082    
    1713.0      0.63130    
    1714.0      0.63178    
    1715.0      0.63226    
    1716.0      0.63274    
    1717.0      0.63321    
    1718.0      0.63369    
    1719.0      0.63416    
    1720.0      0.63464    
    1721.0      0.63511    
    1722.0      0.63558    
    1723.0      0.63606    
    1724.0      0.63653    
    1725.0      0.63700    
    1726.0      0.63747    
    1727.0      0.63795    
    1728.0      0.63842    
    1729.0      0.63889    
    1730.0      0.63936    
    1731.0      0.63983    
    1732.0      0.64030    
    1733.0      0.64077    
    1734.0      0.64124    
    1735.0      0.64171    
    1736.0      0.64217    
    1737.0      0.64264    
    1738.0      0.64310    
    1739.0      0.64357    
    1740.0      0.64403    
    1741.0      0.64450    
    1742.0      0.64496    
    1743.0      0.64542    
    1744.0      0.64588    
    1745.0      0.64634    
    1746.0      0.64680    
    1747.0      0.64726    
    1748.0      0.64772    
    1749.0      0.64818    
    1750.0      0.64863    
    1751.0      0.64909    
    1752.0      0.64955    
    1753.0      0.65000    
    1754.0      0.65046    
    1755.0      0.65091    
    1756.0      0.65136    
    1757.0      0.65182    
    1758.0      0.65227    
    1759.0      0.65272    
    1760.0      0.65317    
    1761.0      0.65363    
    1762.0      0.65408    
    1763.0      0.65452    
    1764.0      0.65497    
    1765.0      0.65542    
    1766.0      0.65587    
    1767.0      0.65632    
    1768.0      0.65676    
    1769.0      0.65721    
    1770.0      0.65765    
    1771.0      0.65810    
    1772.0      0.65854    
    1773.0      0.65898    
    1774.0      0.65942    
    1775.0      0.65986    
    1776.0      0.66031    
    1777.0      0.66075    
    1778.0      0.66118    
    1779.0      0.66162    
    1780.0      0.66206    
    1781.0      0.66250    
    1782.0      0.66294    
    1783.0      0.66337    
    1784.0      0.66381    
    1785.0      0.66424    
    1786.0      0.66468    
    1787.0      0.66511    
    1788.0      0.66555    
    1789.0      0.66598    
    1790.0      0.66641    
    1791.0      0.66684    
    1792.0      0.66727    
    1793.0      0.66771    
    1794.0      0.66814    
    1795.0      0.66856    
    1796.0      0.66899    
    1797.0      0.66942    
    1798.0      0.66985    
    1799.0      0.67027    
    1800.0      0.67070    
    1801.0      0.67112    
    1802.0      0.67155    
    1803.0      0.67197    
    1804.0      0.67240    
    1805.0      0.67282    
    1806.0      0.67324    
    1807.0      0.67366    
    1808.0      0.67408    
    1809.0      0.67450    
    1810.0      0.67492    
    1811.0      0.67534    
    1812.0      0.67576    
    1813.0      0.67618    
    1814.0      0.67659    
    1815.0      0.67701    
    1816.0      0.67743    
    1817.0      0.67784    
    1818.0      0.67825    
    1819.0      0.67867    
    1820.0      0.67908    
    1821.0      0.67949    
    1822.0      0.67991    
    1823.0      0.68032    
    1824.0      0.68073    
    1825.0      0.68114    
    1826.0      0.68155    
    1827.0      0.68196    
    1828.0      0.68236    
    1829.0      0.68277    
    1830.0      0.68318    
    1831.0      0.68359    
    1832.0      0.68399    
    1833.0      0.68440    
    1834.0      0.68480    
    1835.0      0.68520    
    1836.0      0.68561    
    1837.0      0.68601    
    1838.0      0.68641    
    1839.0      0.68681    
    1840.0      0.68721    
    1841.0      0.68761    
    1842.0      0.68801    
    1843.0      0.68841    
    1844.0      0.68881    
    1845.0      0.68921    
    1846.0      0.68961    
    1847.0      0.69000    
    1848.0      0.69040    
    1849.0      0.69079    
    1850.0      0.69119    
    1851.0      0.69158    
    1852.0      0.69198    
    1853.0      0.69237    
    1854.0      0.69276    
    1855.0      0.69315    
    1856.0      0.69355    
    1857.0      0.69394    
    1858.0      0.69433    
    1859.0      0.69472    
    1860.0      0.69510    
    1861.0      0.69549    
    1862.0      0.69588    
    1863.0      0.69627    
    1864.0      0.69665    
    1865.0      0.69704    
    1866.0      0.69742    
    1867.0      0.69781    
    1868.0      0.69819    
    1869.0      0.69858    
    1870.0      0.69896    
    1871.0      0.69934    
    1872.0      0.69972    
    1873.0      0.70011    
    1874.0      0.70049    
    1875.0      0.70087    
    1876.0      0.70125    
    1877.0      0.70162    
    1878.0      0.70200    
    1879.0      0.70238    
    1880.0      0.70276    
    1881.0      0.70313    
    1882.0      0.70351    
    1883.0      0.70389    
    1884.0      0.70426    
    1885.0      0.70463    
    1886.0      0.70501    
    1887.0      0.70538    
    1888.0      0.70575    
    1889.0      0.70613    
    1890.0      0.70650    
    1891.0      0.70687    
    1892.0      0.70724    
    1893.0      0.70761    
    1894.0      0.70798    
    1895.0      0.70835    
    1896.0      0.70872    
    1897.0      0.70908    
    1898.0      0.70945    
    1899.0      0.70982    
    1900.0      0.71018    
    1901.0      0.71055    
    1902.0      0.71091    
    1903.0      0.71128    
    1904.0      0.71164    
    1905.0      0.71200    
    1906.0      0.71237    
    1907.0      0.71273    
    1908.0      0.71309    
    1909.0      0.71345    
    1910.0      0.71381    
    1911.0      0.71417    
    1912.0      0.71453    
    1913.0      0.71489    
    1914.0      0.71525    
    1915.0      0.71560    
    1916.0      0.71596    
    1917.0      0.71632    
    1918.0      0.71667    
    1919.0      0.71703    
    1920.0      0.71739    
    1921.0      0.71774    
    1922.0      0.71809    
    1923.0      0.71845    
    1924.0      0.71880    
    1925.0      0.71915    
    1926.0      0.71950    
    1927.0      0.71986    
    1928.0      0.72021    
    1929.0      0.72056    
    1930.0      0.72091    
    1931.0      0.72125    
    1932.0      0.72160    
    1933.0      0.72195    
    1934.0      0.72230    
    1935.0      0.72265    
    1936.0      0.72299    
    1937.0      0.72334    
    1938.0      0.72368    
    1939.0      0.72403    
    1940.0      0.72437    
    1941.0      0.72472    
    1942.0      0.72506    
    1943.0      0.72540    
    1944.0      0.72575    
    1945.0      0.72609    
    1946.0      0.72643    
    1947.0      0.72677    
    1948.0      0.72711    
    1949.0      0.72745    
    1950.0      0.72779    
    1951.0      0.72813    
    1952.0      0.72846    
    1953.0      0.72880    
    1954.0      0.72914    
    1955.0      0.72948    
    1956.0      0.72981    
    1957.0      0.73015    
    1958.0      0.73048    
    1959.0      0.73082    
    1960.0      0.73115    
    1961.0      0.73149    
    1962.0      0.73182    
    1963.0      0.73215    
    1964.0      0.73248    
    1965.0      0.73282    
    1966.0      0.73315    
    1967.0      0.73348    
    1968.0      0.73381    
    1969.0      0.73414    
    1970.0      0.73447    
    1971.0      0.73479    
    1972.0      0.73512    
    1973.0      0.73545    
    1974.0      0.73578    
    1975.0      0.73610    
    1976.0      0.73643    
    1977.0      0.73676    
    1978.0      0.73708    
    1979.0      0.73741    
    1980.0      0.73773    
    1981.0      0.73805    
    1982.0      0.73838    
    1983.0      0.73870    
    1984.0      0.73902    
    1985.0      0.73934    
    1986.0      0.73966    
    1987.0      0.73999    
    1988.0      0.74031    
    1989.0      0.74063    
    1990.0      0.74094    
    1991.0      0.74126    
    1992.0      0.74158    
    1993.0      0.74190    
    1994.0      0.74221    
    1995.0      0.74253    
    1996.0      0.74284    
    1997.0      0.74316    
    1998.0      0.74347    
    1999.0      0.74378    
    2000.0      0.74409    
    2001.0      0.74441    
    2002.0      0.74472    
    2003.0      0.74503    
    2004.0      0.74534    
    2005.0      0.74565    
    2006.0      0.74596    
    2007.0      0.74627    
    2008.0      0.74657    
    2009.0      0.74688    
    2010.0      0.74719    
    2011.0      0.74750    
    2012.0      0.74780    
    2013.0      0.74811    
    2014.0      0.74841    
    2015.0      0.74872    
    2016.0      0.74902    
    2017.0      0.74933    
    2018.0      0.74963    
    2019.0      0.74994    
    2020.0      0.75024    
    2021.0      0.75054    
    2022.0      0.75084    
    2023.0      0.75115    
    2024.0      0.75145    
    2025.0      0.75175    
    2026.0      0.75205    
    2027.0      0.75235    
    2028.0      0.75266    
    2029.0      0.75296    
    2030.0      0.75326    
    2031.0      0.75356    
    2032.0      0.75386    
    2033.0      0.75417    
    2034.0      0.75447    
    2035.0      0.75477    
    2036.0      0.75507    
    2037.0      0.75536    
    2038.0      0.75566    
    2039.0      0.75596    
    2040.0      0.75626    
    2041.0      0.75656    
    2042.0      0.75685    
    2043.0      0.75715    
    2044.0      0.75744    
    2045.0      0.75774    
    2046.0      0.75803    
    2047.0      0.75833    
    2048.0      0.75862    
    2049.0      0.75892    
    2050.0      0.75921    
    2051.0      0.75950    
    2052.0      0.75980    
    2053.0      0.76009    
    2054.0      0.76038    
    2055.0      0.76067    
    2056.0      0.76096    
    2057.0      0.76125    
    2058.0      0.76154    
    2059.0      0.76183    
    2060.0      0.76212    
    2061.0      0.76241    
    2062.0      0.76270    
    2063.0      0.76298    
    2064.0      0.76327    
    2065.0      0.76356    
    2066.0      0.76384    
    2067.0      0.76413    
    2068.0      0.76442    
    2069.0      0.76470    
    2070.0      0.76499    
    2071.0      0.76527    
    2072.0      0.76556    
    2073.0      0.76584    
    2074.0      0.76612    
    2075.0      0.76640    
    2076.0      0.76669    
    2077.0      0.76697    
    2078.0      0.76725    
    2079.0      0.76753    
    2080.0      0.76781    
    2081.0      0.76809    
    2082.0      0.76837    
    2083.0      0.76865    
    2084.0      0.76893    
    2085.0      0.76921    
    2086.0      0.76949    
    2087.0      0.76976    
    2088.0      0.77004    
    2089.0      0.77032    
    2090.0      0.77060    
    2091.0      0.77087    
    2092.0      0.77115    
    2093.0      0.77142    
    2094.0      0.77170    
    2095.0      0.77197    
    2096.0      0.77225    
    2097.0      0.77252    
    2098.0      0.77279    
    2099.0      0.77307    
    2100.0      0.77334    
    2101.0      0.77361    
    2102.0      0.77388    
    2103.0      0.77416    
    2104.0      0.77443    
    2105.0      0.77470    
    2106.0      0.77497    
    2107.0      0.77524    
    2108.0      0.77551    
    2109.0      0.77578    
    2110.0      0.77604    
    2111.0      0.77631    
    2112.0      0.77658    
    2113.0      0.77685    
    2114.0      0.77711    
    2115.0      0.77738    
    2116.0      0.77765    
    2117.0      0.77791    
    2118.0      0.77818    
    2119.0      0.77844    
    2120.0      0.77871    
    2121.0      0.77897    
    2122.0      0.77924    
    2123.0      0.77950    
    2124.0      0.77976    
    2125.0      0.78002    
    2126.0      0.78029    
    2127.0      0.78055    
    2128.0      0.78081    
    2129.0      0.78107    
    2130.0      0.78133    
    2131.0      0.78159    
    2132.0      0.78185    
    2133.0      0.78211    
    2134.0      0.78237    
    2135.0      0.78263    
    2136.0      0.78289    
    2137.0      0.78315    
    2138.0      0.78341    
    2139.0      0.78366    
    2140.0      0.78392    
    2141.0      0.78418    
    2142.0      0.78443    
    2143.0      0.78469    
    2144.0      0.78495    
    2145.0      0.78520    
    2146.0      0.78546    
    2147.0      0.78571    
    2148.0      0.78596    
    2149.0      0.78622    
    2150.0      0.78647    
    2151.0      0.78672    
    2152.0      0.78698    
    2153.0      0.78723    
    2154.0      0.78748    
    2155.0      0.78773    
    2156.0      0.78798    
    2157.0      0.78823    
    2158.0      0.78848    
    2159.0      0.78873    
    2160.0      0.78898    
    2161.0      0.78923    
    2162.0      0.78948    
    2163.0      0.78973    
    2164.0      0.78998    
    2165.0      0.79023    
    2166.0      0.79047    
    2167.0      0.79072    
    2168.0      0.79097    
    2169.0      0.79122    
    2170.0      0.79146    
    2171.0      0.79171    
    2172.0      0.79195    
    2173.0      0.79220    
    2174.0      0.79244    
    2175.0      0.79269    
    2176.0      0.79293    
    2177.0      0.79317    
    2178.0      0.79342    
    2179.0      0.79366    
    2180.0      0.79390    
    2181.0      0.79414    
    2182.0      0.79439    
    2183.0      0.79463    
    2184.0      0.79487    
    2185.0      0.79511    
    2186.0      0.79535    
    2187.0      0.79559    
    2188.0      0.79583    
    2189.0      0.79607    
    2190.0      0.79631    
    2191.0      0.79655    
    2192.0      0.79678    
    2193.0      0.79702    
    2194.0      0.79726    
    2195.0      0.79750    
    2196.0      0.79773    
    2197.0      0.79797    
    2198.0      0.79821    
    2199.0      0.79844    
    2200.0      0.79868    
    2201.0      0.79892    
    2202.0      0.79915    
    2203.0      0.79939    
    2204.0      0.79962    
    2205.0      0.79985    
    2206.0      0.80009    
    2207.0      0.80032    
    2208.0      0.80055    
    2209.0      0.80079    
    2210.0      0.80102    
    2211.0      0.80125    
    2212.0      0.80148    
    2213.0      0.80171    
    2214.0      0.80194    
    2215.0      0.80218    
    2216.0      0.80241    
    2217.0      0.80264    
    2218.0      0.80286    
    2219.0      0.80309    
    2220.0      0.80332    
    2221.0      0.80355    
    2222.0      0.80378    
    2223.0      0.80401    
    2224.0      0.80424    
    2225.0      0.80446    
    2226.0      0.80469    
    2227.0      0.80492    
    2228.0      0.80514    
    2229.0      0.80537    
    2230.0      0.80559    
    2231.0      0.80582    
    2232.0      0.80604    
    2233.0      0.80627    
    2234.0      0.80649    
    2235.0      0.80672    
    2236.0      0.80694    
    2237.0      0.80717    
    2238.0      0.80739    
    2239.0      0.80761    
    2240.0      0.80783    
    2241.0      0.80806    
    2242.0      0.80828    
    2243.0      0.80850    
    2244.0      0.80872    
    2245.0      0.80894    
    2246.0      0.80916    
    2247.0      0.80938    
    2248.0      0.80960    
    2249.0      0.80982    
    2250.0      0.81004    
    2251.0      0.81026    
    2252.0      0.81048    
    2253.0      0.81070    
    2254.0      0.81091    
    2255.0      0.81113    
    2256.0      0.81135    
    2257.0      0.81157    
    2258.0      0.81178    
    2259.0      0.81200    
    2260.0      0.81222    
    2261.0      0.81243    
    2262.0      0.81265    
    2263.0      0.81286    
    2264.0      0.81308    
    2265.0      0.81329    
    2266.0      0.81351    
    2267.0      0.81372    
    2268.0      0.81393    
    2269.0      0.81415    
    2270.0      0.81436    
    2271.0      0.81457    
    2272.0      0.81479    
    2273.0      0.81500    
    2274.0      0.81521    
    2275.0      0.81542    
    2276.0      0.81563    
    2277.0      0.81584    
    2278.0      0.81606    
    2279.0      0.81627    
    2280.0      0.81648    
    2281.0      0.81669    
    2282.0      0.81690    
    2283.0      0.81710    
    2284.0      0.81731    
    2285.0      0.81752    
    2286.0      0.81773    
    2287.0      0.81794    
    2288.0      0.81815    
    2289.0      0.81835    
    2290.0      0.81856    
    2291.0      0.81877    
    2292.0      0.81897    
    2293.0      0.81918    
    2294.0      0.81939    
    2295.0      0.81959    
    2296.0      0.81980    
    2297.0      0.82000    
    2298.0      0.82021    
    2299.0      0.82041    
    2300.0      0.82062    
    2301.0      0.82082    
    2302.0      0.82102    
    2303.0      0.82123    
    2304.0      0.82143    
    2305.0      0.82163    
    2306.0      0.82184    
    2307.0      0.82204    
    2308.0      0.82224    
    2309.0      0.82244    
    2310.0      0.82264    
    2311.0      0.82284    
    2312.0      0.82304    
    2313.0      0.82324    
    2314.0      0.82345    
    2315.0      0.82365    
    2316.0      0.82384    
    2317.0      0.82404    
    2318.0      0.82424    
    2319.0      0.82444    
    2320.0      0.82464    
    2321.0      0.82484    
    2322.0      0.82504    
    2323.0      0.82523    
    2324.0      0.82543    
    2325.0      0.82563    
    2326.0      0.82583    
    2327.0      0.82602    
    2328.0      0.82622    
    2329.0      0.82641    
    2330.0      0.82661    
    2331.0      0.82681    
    2332.0      0.82700    
    2333.0      0.82720    
    2334.0      0.82739    
    2335.0      0.82758    
    2336.0      0.82778    
    2337.0      0.82797    
    2338.0      0.82817    
    2339.0      0.82836    
    2340.0      0.82855    
    2341.0      0.82874    
    2342.0      0.82894    
    2343.0      0.82913    
    2344.0      0.82932    
    2345.0      0.82951    
    2346.0      0.82971    
    2347.0      0.82990    
    2348.0      0.83009    
    2349.0      0.83028    
    2350.0      0.83047    
    2351.0      0.83066    
    2352.0      0.83085    
    2353.0      0.83104    
    2354.0      0.83123    
    2355.0      0.83142    
    2356.0      0.83161    
    2357.0      0.83179    
    2358.0      0.83198    
    2359.0      0.83217    
    2360.0      0.83236    
    2361.0      0.83255    
    2362.0      0.83273    
    2363.0      0.83292    
    2364.0      0.83311    
    2365.0      0.83329    
    2366.0      0.83348    
    2367.0      0.83366    
    2368.0      0.83385    
    2369.0      0.83404    
    2370.0      0.83422    
    2371.0      0.83441    
    2372.0      0.83459    
    2373.0      0.83477    
    2374.0      0.83496    
    2375.0      0.83514    
    2376.0      0.83533    
    2377.0      0.83551    
    2378.0      0.83569    
    2379.0      0.83587    
    2380.0      0.83606    
    2381.0      0.83624    
    2382.0      0.83642    
    2383.0      0.83660    
    2384.0      0.83678    
    2385.0      0.83697    
    2386.0      0.83715    
    2387.0      0.83733    
    2388.0      0.83751    
    2389.0      0.83769    
    2390.0      0.83787    
    2391.0      0.83805    
    2392.0      0.83823    
    2393.0      0.83841    
    2394.0      0.83859    
    2395.0      0.83876    
    2396.0      0.83894    
    2397.0      0.83912    
    2398.0      0.83930    
    2399.0      0.83948    
    2400.0      0.83965    
    2401.0      0.83983    
    2402.0      0.84001    
    2403.0      0.84019    
    2404.0      0.84036    
    2405.0      0.84054    
    2406.0      0.84071    
    2407.0      0.84089    
    2408.0      0.84107    
    2409.0      0.84124    
    2410.0      0.84142    
    2411.0      0.84159    
    2412.0      0.84176    
    2413.0      0.84194    
    2414.0      0.84211    
    2415.0      0.84229    
    2416.0      0.84246    
    2417.0      0.84263    
    2418.0      0.84281    
    2419.0      0.84298    
    2420.0      0.84315    
    2421.0      0.84333    
    2422.0      0.84350    
    2423.0      0.84367    
    2424.0      0.84384    
    2425.0      0.84401    
    2426.0      0.84418    
    2427.0      0.84436    
    2428.0      0.84453    
    2429.0      0.84470    
    2430.0      0.84487    
    2431.0      0.84504    
    2432.0      0.84521    
    2433.0      0.84538    
    2434.0      0.84555    
    2435.0      0.84571    
    2436.0      0.84588    
    2437.0      0.84605    
    2438.0      0.84622    
    2439.0      0.84639    
    2440.0      0.84656    
    2441.0      0.84672    
    2442.0      0.84689    
    2443.0      0.84706    
    2444.0      0.84723    
    2445.0      0.84739    
    2446.0      0.84756    
    2447.0      0.84773    
    2448.0      0.84789    
    2449.0      0.84806    
    2450.0      0.84822    
    2451.0      0.84839    
    2452.0      0.84855    
    2453.0      0.84872    
    2454.0      0.84888    
    2455.0      0.84905    
    2456.0      0.84921    
    2457.0      0.84938    
    2458.0      0.84954    
    2459.0      0.84970    
    2460.0      0.84987    
    2461.0      0.85003    
    2462.0      0.85019    
    2463.0      0.85036    
    2464.0      0.85052    
    2465.0      0.85068    
    2466.0      0.85084    
    2467.0      0.85101    
    2468.0      0.85117    
    2469.0      0.85133    
    2470.0      0.85149    
    2471.0      0.85165    
    2472.0      0.85181    
    2473.0      0.85197    
    2474.0      0.85213    
    2475.0      0.85229    
    2476.0      0.85245    
    2477.0      0.85261    
    2478.0      0.85277    
    2479.0      0.85293    
    2480.0      0.85309    
    2481.0      0.85325    
    2482.0      0.85341    
    2483.0      0.85356    
    2484.0      0.85372    
    2485.0      0.85388    
    2486.0      0.85404    
    2487.0      0.85420    
    2488.0      0.85435    
    2489.0      0.85451    
    2490.0      0.85467    
    2491.0      0.85482    
    2492.0      0.85498    
    2493.0      0.85514    
    2494.0      0.85529    
    2495.0      0.85545    
    2496.0      0.85560    
    2497.0      0.85576    
    2498.0      0.85591    
    2499.0      0.85607    
    2500.0      0.85622    
    2501.0      0.85638    
    2502.0      0.85653    
    2503.0      0.85669    
    2504.0      0.85684    
    2505.0      0.85699    
    2506.0      0.85715    
    2507.0      0.85730    
    2508.0      0.85745    
    2509.0      0.85761    
    2510.0      0.85776    
    2511.0      0.85791    
    2512.0      0.85806    
    2513.0      0.85822    
    2514.0      0.85837    
    2515.0      0.85852    
    2516.0      0.85867    
    2517.0      0.85882    
    2518.0      0.85897    
    2519.0      0.85912    
    2520.0      0.85928    
    2521.0      0.85943    
    2522.0      0.85958    
    2523.0      0.85973    
    2524.0      0.85988    
    2525.0      0.86003    
    2526.0      0.86017    
    2527.0      0.86032    
    2528.0      0.86047    
    2529.0      0.86062    
    2530.0      0.86077    
    2531.0      0.86092    
    2532.0      0.86107    
    2533.0      0.86121    
    2534.0      0.86136    
    2535.0      0.86151    
    2536.0      0.86166    
    2537.0      0.86180    
    2538.0      0.86195    
    2539.0      0.86210    
    2540.0      0.86225    
    2541.0      0.86239    
    2542.0      0.86254    
    2543.0      0.86268    
    2544.0      0.86283    
    2545.0      0.86298    
    2546.0      0.86312    
    2547.0      0.86327    
    2548.0      0.86341    
    2549.0      0.86356    
    2550.0      0.86370    
    2551.0      0.86384    
    2552.0      0.86399    
    2553.0      0.86413    
    2554.0      0.86428    
    2555.0      0.86442    
    2556.0      0.86456    
    2557.0      0.86471    
    2558.0      0.86485    
    2559.0      0.86499    
    2560.0      0.86514    
    2561.0      0.86528    
    2562.0      0.86542    
    2563.0      0.86556    
    2564.0      0.86570    
    2565.0      0.86585    
    2566.0      0.86599    
    2567.0      0.86613    
    2568.0      0.86627    
    2569.0      0.86641    
    2570.0      0.86655    
    2571.0      0.86669    
    2572.0      0.86683    
    2573.0      0.86697    
    2574.0      0.86711    
    2575.0      0.86725    
    2576.0      0.86739    
    2577.0      0.86753    
    2578.0      0.86767    
    2579.0      0.86781    
    2580.0      0.86795    
    2581.0      0.86809    
    2582.0      0.86823    
    2583.0      0.86837    
    2584.0      0.86850    
    2585.0      0.86864    
    2586.0      0.86878    
    2587.0      0.86892    
    2588.0      0.86906    
    2589.0      0.86919    
    2590.0      0.86933    
    2591.0      0.86947    
    2592.0      0.86960    
    2593.0      0.86974    
    2594.0      0.86988    
    2595.0      0.87001    
    2596.0      0.87015    
    2597.0      0.87029    
    2598.0      0.87042    
    2599.0      0.87056    
    2600.0      0.87069    
    2601.0      0.87083    
    2602.0      0.87096    
    2603.0      0.87110    
    2604.0      0.87123    
    2605.0      0.87137    
    2606.0      0.87150    
    2607.0      0.87163    
    2608.0      0.87177    
    2609.0      0.87190    
    2610.0      0.87204    
    2611.0      0.87217    
    2612.0      0.87230    
    2613.0      0.87243    
    2614.0      0.87257    
    2615.0      0.87270    
    2616.0      0.87283    
    2617.0      0.87297    
    2618.0      0.87310    
    2619.0      0.87323    
    2620.0      0.87336    
    2621.0      0.87349    
    2622.0      0.87362    
    2623.0      0.87376    
    2624.0      0.87389    
    2625.0      0.87402    
    2626.0      0.87415    
    2627.0      0.87428    
    2628.0      0.87441    
    2629.0      0.87454    
    2630.0      0.87467    
    2631.0      0.87480    
    2632.0      0.87493    
    2633.0      0.87506    
    2634.0      0.87519    
    2635.0      0.87532    
    2636.0      0.87545    
    2637.0      0.87557    
    2638.0      0.87570    
    2639.0      0.87583    
    2640.0      0.87596    
    2641.0      0.87609    
    2642.0      0.87622    
    2643.0      0.87634    
    2644.0      0.87647    
    2645.0      0.87660    
    2646.0      0.87673    
    2647.0      0.87685    
    2648.0      0.87698    
    2649.0      0.87711    
    2650.0      0.87723    
    2651.0      0.87736    
    2652.0      0.87749    
    2653.0      0.87761    
    2654.0      0.87774    
    2655.0      0.87786    
    2656.0      0.87799    
    2657.0      0.87812    
    2658.0      0.87824    
    2659.0      0.87837    
    2660.0      0.87849    
    2661.0      0.87862    
    2662.0      0.87874    
    2663.0      0.87886    
    2664.0      0.87899    
    2665.0      0.87911    
    2666.0      0.87924    
    2667.0      0.87936    
    2668.0      0.87949    
    2669.0      0.87961    
    2670.0      0.87973    
    2671.0      0.87986    
    2672.0      0.87998    
    2673.0      0.88010    
    2674.0      0.88023    
    2675.0      0.88035    
    2676.0      0.88047    
    2677.0      0.88059    
    2678.0      0.88072    
    2679.0      0.88084    
    2680.0      0.88096    
    2681.0      0.88108    
    2682.0      0.88120    
    2683.0      0.88132    
    2684.0      0.88144    
    2685.0      0.88157    
    2686.0      0.88169    
    2687.0      0.88181    
    2688.0      0.88193    
    2689.0      0.88205    
    2690.0      0.88217    
    2691.0      0.88229    
    2692.0      0.88241    
    2693.0      0.88253    
    2694.0      0.88265    
    2695.0      0.88277    
    2696.0      0.88289    
    2697.0      0.88301    
    2698.0      0.88313    
    2699.0      0.88324    
    2700.0      0.88336    
    2701.0      0.88348    
    2702.0      0.88360    
    2703.0      0.88372    
    2704.0      0.88384    
    2705.0      0.88395    
    2706.0      0.88407    
    2707.0      0.88419    
    2708.0      0.88431    
    2709.0      0.88442    
    2710.0      0.88454    
    2711.0      0.88466    
    2712.0      0.88478    
    2713.0      0.88489    
    2714.0      0.88501    
    2715.0      0.88513    
    2716.0      0.88524    
    2717.0      0.88536    
    2718.0      0.88547    
    2719.0      0.88559    
    2720.0      0.88571    
    2721.0      0.88582    
    2722.0      0.88594    
    2723.0      0.88605    
    2724.0      0.88617    
    2725.0      0.88628    
    2726.0      0.88640    
    2727.0      0.88651    
    2728.0      0.88663    
    2729.0      0.88674    
    2730.0      0.88685    
    2731.0      0.88697    
    2732.0      0.88708    
    2733.0      0.88720    
    2734.0      0.88731    
    2735.0      0.88742    
    2736.0      0.88754    
    2737.0      0.88765    
    2738.0      0.88776    
    2739.0      0.88788    
    2740.0      0.88799    
    2741.0      0.88810    
    2742.0      0.88821    
    2743.0      0.88833    
    2744.0      0.88844    
    2745.0      0.88855    
    2746.0      0.88866    
    2747.0      0.88877    
    2748.0      0.88889    
    2749.0      0.88900    
    2750.0      0.88911    
    2751.0      0.88922    
    2752.0      0.88933    
    2753.0      0.88944    
    2754.0      0.88955    
    2755.0      0.88966    
    2756.0      0.88977    
    2757.0      0.88988    
    2758.0      0.88999    
    2759.0      0.89010    
    2760.0      0.89021    
    2761.0      0.89032    
    2762.0      0.89043    
    2763.0      0.89054    
    2764.0      0.89065    
    2765.0      0.89076    
    2766.0      0.89087    
    2767.0      0.89098    
    2768.0      0.89109    
    2769.0      0.89120    
    2770.0      0.89131    
    2771.0      0.89141    
    2772.0      0.89152    
    2773.0      0.89163    
    2774.0      0.89174    
    2775.0      0.89185    
    2776.0      0.89195    
    2777.0      0.89206    
    2778.0      0.89217    
    2779.0      0.89228    
    2780.0      0.89238    
    2781.0      0.89249    
    2782.0      0.89260    
    2783.0      0.89270    
    2784.0      0.89281    
    2785.0      0.89292    
    2786.0      0.89302    
    2787.0      0.89313    
    2788.0      0.89323    
    2789.0      0.89334    
    2790.0      0.89345    
    2791.0      0.89355    
    2792.0      0.89366    
    2793.0      0.89376    
    2794.0      0.89387    
    2795.0      0.89397    
    2796.0      0.89408    
    2797.0      0.89418    
    2798.0      0.89429    
    2799.0      0.89439    
    2800.0      0.89450    
    2801.0      0.89460    
    2802.0      0.89471    
    2803.0      0.89481    
    2804.0      0.89491    
    2805.0      0.89502    
    2806.0      0.89512    
    2807.0      0.89522    
    2808.0      0.89533    
    2809.0      0.89543    
    2810.0      0.89553    
    2811.0      0.89564    
    2812.0      0.89574    
    2813.0      0.89584    
    2814.0      0.89594    
    2815.0      0.89605    
    2816.0      0.89615    
    2817.0      0.89625    
    2818.0      0.89635    
    2819.0      0.89646    
    2820.0      0.89656    
    2821.0      0.89666    
    2822.0      0.89676    
    2823.0      0.89686    
    2824.0      0.89696    
    2825.0      0.89706    
    2826.0      0.89717    
    2827.0      0.89727    
    2828.0      0.89737    
    2829.0      0.89747    
    2830.0      0.89757    
    2831.0      0.89767    
    2832.0      0.89777    
    2833.0      0.89787    
    2834.0      0.89797    
    2835.0      0.89807    
    2836.0      0.89817    
    2837.0      0.89827    
    2838.0      0.89837    
    2839.0      0.89847    
    2840.0      0.89857    
    2841.0      0.89867    
    2842.0      0.89877    
    2843.0      0.89886    
    2844.0      0.89896    
    2845.0      0.89906    
    2846.0      0.89916    
    2847.0      0.89926    
    2848.0      0.89936    
    2849.0      0.89946    
    2850.0      0.89956    
    2851.0      0.89965    
    2852.0      0.89975    
    2853.0      0.89985    
    2854.0      0.89995    
    2855.0      0.90004    
    2856.0      0.90014    
    2857.0      0.90024    
    2858.0      0.90034    
    2859.0      0.90043    
    2860.0      0.90053    
    2861.0      0.90063    
    2862.0      0.90072    
    2863.0      0.90082    
    2864.0      0.90092    
    2865.0      0.90101    
    2866.0      0.90111    
    2867.0      0.90121    
    2868.0      0.90130    
    2869.0      0.90140    
    2870.0      0.90149    
    2871.0      0.90159    
    2872.0      0.90168    
    2873.0      0.90178    
    2874.0      0.90188    
    2875.0      0.90197    
    2876.0      0.90207    
    2877.0      0.90216    
    2878.0      0.90226    
    2879.0      0.90235    
    2880.0      0.90244    
    2881.0      0.90254    
    2882.0      0.90263    
    2883.0      0.90273    
    2884.0      0.90282    
    2885.0      0.90292    
    2886.0      0.90301    
    2887.0      0.90310    
    2888.0      0.90320    
    2889.0      0.90329    
    2890.0      0.90338    
    2891.0      0.90348    
    2892.0      0.90357    
    2893.0      0.90366    
    2894.0      0.90376    
    2895.0      0.90385    
    2896.0      0.90394    
    2897.0      0.90403    
    2898.0      0.90413    
    2899.0      0.90422    
    2900.0      0.90431    
    2901.0      0.90440    
    2902.0      0.90450    
    2903.0      0.90459    
    2904.0      0.90468    
    2905.0      0.90477    
    2906.0      0.90486    
    2907.0      0.90495    
    2908.0      0.90505    
    2909.0      0.90514    
    2910.0      0.90523    
    2911.0      0.90532    
    2912.0      0.90541    
    2913.0      0.90550    
    2914.0      0.90559    
    2915.0      0.90568    
    2916.0      0.90577    
    2917.0      0.90586    
    2918.0      0.90595    
    2919.0      0.90604    
    2920.0      0.90613    
    2921.0      0.90622    
    2922.0      0.90631    
    2923.0      0.90640    
    2924.0      0.90649    
    2925.0      0.90658    
    2926.0      0.90667    
    2927.0      0.90676    
    2928.0      0.90685    
    2929.0      0.90694    
    2930.0      0.90703    
    2931.0      0.90711    
    2932.0      0.90720    
    2933.0      0.90729    
    2934.0      0.90738    
    2935.0      0.90747    
    2936.0      0.90756    
    2937.0      0.90765    
    2938.0      0.90773    
    2939.0      0.90782    
    2940.0      0.90791    
    2941.0      0.90800    
    2942.0      0.90808    
    2943.0      0.90817    
    2944.0      0.90826    
    2945.0      0.90835    
    2946.0      0.90843    
    2947.0      0.90852    
    2948.0      0.90861    
    2949.0      0.90870    
    2950.0      0.90878    
    2951.0      0.90887    
    2952.0      0.90896    
    2953.0      0.90904    
    2954.0      0.90913    
    2955.0      0.90921    
    2956.0      0.90930    
    2957.0      0.90939    
    2958.0      0.90947    
    2959.0      0.90956    
    2960.0      0.90964    
    2961.0      0.90973    
    2962.0      0.90982    
    2963.0      0.90990    
    2964.0      0.90999    
    2965.0      0.91007    
    2966.0      0.91016    
    2967.0      0.91024    
    2968.0      0.91033    
    2969.0      0.91041    
    2970.0      0.91050    
    2971.0      0.91058    
    2972.0      0.91066    
    2973.0      0.91075    
    2974.0      0.91083    
    2975.0      0.91092    
    2976.0      0.91100    
    2977.0      0.91109    
    2978.0      0.91117    
    2979.0      0.91125    
    2980.0      0.91134    
    2981.0      0.91142    
    2982.0      0.91150    
    2983.0      0.91159    
    2984.0      0.91167    
    2985.0      0.91175    
    2986.0      0.91184    
    2987.0      0.91192    
    2988.0      0.91200    
    2989.0      0.91209    
    2990.0      0.91217    
    2991.0      0.91225    
    2992.0      0.91233    
    2993.0      0.91242    
    2994.0      0.91250    
    2995.0      0.91258    
    2996.0      0.91266    
    2997.0      0.91274    
    2998.0      0.91283    
    2999.0      0.91291    
    3000.0      0.91299    
    3001.0      0.91307    
    3002.0      0.91315    
    3003.0      0.91323    
    3004.0      0.91331    
    3005.0      0.91340    
    3006.0      0.91348    
    3007.0      0.91356    
    3008.0      0.91364    
    3009.0      0.91372    
    3010.0      0.91380    
    3011.0      0.91388    
    3012.0      0.91396    
    3013.0      0.91404    
    3014.0      0.91412    
    3015.0      0.91420    
    3016.0      0.91428    
    3017.0      0.91436    
    3018.0      0.91444    
    3019.0      0.91452    
    3020.0      0.91460    
    3021.0      0.91468    
    3022.0      0.91476    
    3023.0      0.91484    
    3024.0      0.91492    
    3025.0      0.91500    
    3026.0      0.91508    
    3027.0      0.91516    
    3028.0      0.91524    
    3029.0      0.91531    
    3030.0      0.91539    
    3031.0      0.91547    
    3032.0      0.91555    
    3033.0      0.91563    
    3034.0      0.91571    
    3035.0      0.91579    
    3036.0      0.91586    
    3037.0      0.91594    
    3038.0      0.91602    
    3039.0      0.91610    
    3040.0      0.91618    
    3041.0      0.91625    
    3042.0      0.91633    
    3043.0      0.91641    
    3044.0      0.91649    
    3045.0      0.91657    
    3046.0      0.91664    
    3047.0      0.91672    
    3048.0      0.91680    
    3049.0      0.91687    
    3050.0      0.91695    
    3051.0      0.91703    
    3052.0      0.91710    
    3053.0      0.91718    
    3054.0      0.91726    
    3055.0      0.91733    
    3056.0      0.91741    
    3057.0      0.91749    
    3058.0      0.91756    
    3059.0      0.91764    
    3060.0      0.91772    
    3061.0      0.91779    
    3062.0      0.91787    
    3063.0      0.91794    
    3064.0      0.91802    
    3065.0      0.91809    
    3066.0      0.91817    
    3067.0      0.91824    
    3068.0      0.91832    
    3069.0      0.91840    
    3070.0      0.91847    
    3071.0      0.91855    
    3072.0      0.91862    
    3073.0      0.91870    
    3074.0      0.91877    
    3075.0      0.91884    
    3076.0      0.91892    
    3077.0      0.91899    
    3078.0      0.91907    
    3079.0      0.91914    
    3080.0      0.91922    
    3081.0      0.91929    
    3082.0      0.91937    
    3083.0      0.91944    
    3084.0      0.91951    
    3085.0      0.91959    
    3086.0      0.91966    
    3087.0      0.91974    
    3088.0      0.91981    
    3089.0      0.91988    
    3090.0      0.91996    
    3091.0      0.92003    
    3092.0      0.92010    
    3093.0      0.92018    
    3094.0      0.92025    
    3095.0      0.92032    
    3096.0      0.92039    
    3097.0      0.92047    
    3098.0      0.92054    
    3099.0      0.92061    
    3100.0      0.92069    
    3101.0      0.92076    
    3102.0      0.92083    
    3103.0      0.92090    
    3104.0      0.92097    
    3105.0      0.92105    
    3106.0      0.92112    
    3107.0      0.92119    
    3108.0      0.92126    
    3109.0      0.92133    
    3110.0      0.92141    
    3111.0      0.92148    
    3112.0      0.92155    
    3113.0      0.92162    
    3114.0      0.92169    
    3115.0      0.92176    
    3116.0      0.92183    
    3117.0      0.92191    
    3118.0      0.92198    
    3119.0      0.92205    
    3120.0      0.92212    
    3121.0      0.92219    
    3122.0      0.92226    
    3123.0      0.92233    
    3124.0      0.92240    
    3125.0      0.92247    
    3126.0      0.92254    
    3127.0      0.92261    
    3128.0      0.92268    
    3129.0      0.92275    
    3130.0      0.92282    
    3131.0      0.92289    
    3132.0      0.92296    
    3133.0      0.92303    
    3134.0      0.92310    
    3135.0      0.92317    
    3136.0      0.92324    
    3137.0      0.92331    
    3138.0      0.92338    
    3139.0      0.92345    
    3140.0      0.92352    
    3141.0      0.92359    
    3142.0      0.92366    
    3143.0      0.92373    
    3144.0      0.92380    
    3145.0      0.92386    
    3146.0      0.92393    
    3147.0      0.92400    
    3148.0      0.92407    
    3149.0      0.92414    
    3150.0      0.92421    
    3151.0      0.92428    
    3152.0      0.92434    
    3153.0      0.92441    
    3154.0      0.92448    
    3155.0      0.92455    
    3156.0      0.92462    
    3157.0      0.92469    
    3158.0      0.92475    
    3159.0      0.92482    
    3160.0      0.92489    
    3161.0      0.92496    
    3162.0      0.92502    
    3163.0      0.92509    
    3164.0      0.92516    
    3165.0      0.92523    
    3166.0      0.92529    
    3167.0      0.92536    
    3168.0      0.92543    
    3169.0      0.92549    
    3170.0      0.92556    
    3171.0      0.92563    
    3172.0      0.92569    
    3173.0      0.92576    
    3174.0      0.92583    
    3175.0      0.92589    
    3176.0      0.92596    
    3177.0      0.92603    
    3178.0      0.92609    
    3179.0      0.92616    
    3180.0      0.92623    
    3181.0      0.92629    
    3182.0      0.92636    
    3183.0      0.92642    
    3184.0      0.92649    
    3185.0      0.92656    
    3186.0      0.92662    
    3187.0      0.92669    
    3188.0      0.92675    
    3189.0      0.92682    
    3190.0      0.92688    
    3191.0      0.92695    
    3192.0      0.92701    
    3193.0      0.92708    
    3194.0      0.92714    
    3195.0      0.92721    
    3196.0      0.92727    
    3197.0      0.92734    
    3198.0      0.92740    
    3199.0      0.92747    
    3200.0      0.92753    
    3201.0      0.92760    
    3202.0      0.92766    
    3203.0      0.92773    
    3204.0      0.92779    
    3205.0      0.92785    
    3206.0      0.92792    
    3207.0      0.92798    
    3208.0      0.92805    
    3209.0      0.92811    
    3210.0      0.92818    
    3211.0      0.92824    
    3212.0      0.92830    
    3213.0      0.92837    
    3214.0      0.92843    
    3215.0      0.92849    
    3216.0      0.92856    
    3217.0      0.92862    
    3218.0      0.92868    
    3219.0      0.92875    
    3220.0      0.92881    
    3221.0      0.92887    
    3222.0      0.92894    
    3223.0      0.92900    
    3224.0      0.92906    
    3225.0      0.92912    
    3226.0      0.92919    
    3227.0      0.92925    
    3228.0      0.92931    
    3229.0      0.92938    
    3230.0      0.92944    
    3231.0      0.92950    
    3232.0      0.92956    
    3233.0      0.92962    
    3234.0      0.92969    
    3235.0      0.92975    
    3236.0      0.92981    
    3237.0      0.92987    
    3238.0      0.92994    
    3239.0      0.93000    
    3240.0      0.93006    
    3241.0      0.93012    
    3242.0      0.93018    
    3243.0      0.93024    
    3244.0      0.93031    
    3245.0      0.93037    
    3246.0      0.93043    
    3247.0      0.93049    
    3248.0      0.93055    
    3249.0      0.93061    
    3250.0      0.93067    
    3251.0      0.93073    
    3252.0      0.93079    
    3253.0      0.93086    
    3254.0      0.93092    
    3255.0      0.93098    
    3256.0      0.93104    
    3257.0      0.93110    
    3258.0      0.93116    
    3259.0      0.93122    
    3260.0      0.93128    
    3261.0      0.93134    
    3262.0      0.93140    
    3263.0      0.93146    
    3264.0      0.93152    
    3265.0      0.93158    
    3266.0      0.93164    
    3267.0      0.93170    
    3268.0      0.93176    
    3269.0      0.93182    
    3270.0      0.93188    
    3271.0      0.93194    
    3272.0      0.93200    
    3273.0      0.93206    
    3274.0      0.93212    
    3275.0      0.93218    
    3276.0      0.93224    
    3277.0      0.93230    
    3278.0      0.93235    
    3279.0      0.93241    
    3280.0      0.93247    
    3281.0      0.93253    
    3282.0      0.93259    
    3283.0      0.93265    
    3284.0      0.93271    
    3285.0      0.93277    
    3286.0      0.93283    
    3287.0      0.93288    
    3288.0      0.93294    
    3289.0      0.93300    
    3290.0      0.93306    
    3291.0      0.93312    
    3292.0      0.93318    
    3293.0      0.93323    
    3294.0      0.93329    
    3295.0      0.93335    
    3296.0      0.93341    
    3297.0      0.93347    
    3298.0      0.93353    
    3299.0      0.93358    
    3300.0      0.93364    
    3301.0      0.93370    
    3302.0      0.93376    
    3303.0      0.93381    
    3304.0      0.93387    
    3305.0      0.93393    
    3306.0      0.93399    
    3307.0      0.93404    
    3308.0      0.93410    
    3309.0      0.93416    
    3310.0      0.93421    
    3311.0      0.93427    
    3312.0      0.93433    
    3313.0      0.93439    
    3314.0      0.93444    
    3315.0      0.93450    
    3316.0      0.93456    
    3317.0      0.93461    
    3318.0      0.93467    
    3319.0      0.93473    
    3320.0      0.93478    
    3321.0      0.93484    
    3322.0      0.93489    
    3323.0      0.93495    
    3324.0      0.93501    
    3325.0      0.93506    
    3326.0      0.93512    
    3327.0      0.93518    
    3328.0      0.93523    
    3329.0      0.93529    
    3330.0      0.93534    
    3331.0      0.93540    
    3332.0      0.93545    
    3333.0      0.93551    
    3334.0      0.93557    
    3335.0      0.93562    
    3336.0      0.93568    
    3337.0      0.93573    
    3338.0      0.93579    
    3339.0      0.93584    
    3340.0      0.93590    
    3341.0      0.93595    
    3342.0      0.93601    
    3343.0      0.93606    
    3344.0      0.93612    
    3345.0      0.93617    
    3346.0      0.93623    
    3347.0      0.93628    
    3348.0      0.93634    
    3349.0      0.93639    
    3350.0      0.93645    
    3351.0      0.93650    
    3352.0      0.93656    
    3353.0      0.93661    
    3354.0      0.93667    
    3355.0      0.93672    
    3356.0      0.93677    
    3357.0      0.93683    
    3358.0      0.93688    
    3359.0      0.93694    
    3360.0      0.93699    
    3361.0      0.93704    
    3362.0      0.93710    
    3363.0      0.93715    
    3364.0      0.93721    
    3365.0      0.93726    
    3366.0      0.93731    
    3367.0      0.93737    
    3368.0      0.93742    
    3369.0      0.93747    
    3370.0      0.93753    
    3371.0      0.93758    
    3372.0      0.93763    
    3373.0      0.93769    
    3374.0      0.93774    
    3375.0      0.93779    
    3376.0      0.93785    
    3377.0      0.93790    
    3378.0      0.93795    
    3379.0      0.93800    
    3380.0      0.93806    
    3381.0      0.93811    
    3382.0      0.93816    
    3383.0      0.93822    
    3384.0      0.93827    
    3385.0      0.93832    
    3386.0      0.93837    
    3387.0      0.93843    
    3388.0      0.93848    
    3389.0      0.93853    
    3390.0      0.93858    
    3391.0      0.93864    
    3392.0      0.93869    
    3393.0      0.93874    
    3394.0      0.93879    
    3395.0      0.93884    
    3396.0      0.93890    
    3397.0      0.93895    
    3398.0      0.93900    
    3399.0      0.93905    
    3400.0      0.93910    
    3401.0      0.93915    
    3402.0      0.93921    
    3403.0      0.93926    
    3404.0      0.93931    
    3405.0      0.93936    
    3406.0      0.93941    
    3407.0      0.93946    
    3408.0      0.93951    
    3409.0      0.93957    
    3410.0      0.93962    
    3411.0      0.93967    
    3412.0      0.93972    
    3413.0      0.93977    
    3414.0      0.93982    
    3415.0      0.93987    
    3416.0      0.93992    
    3417.0      0.93997    
    3418.0      0.94002    
    3419.0      0.94008    
    3420.0      0.94013    
    3421.0      0.94018    
    3422.0      0.94023    
    3423.0      0.94028    
    3424.0      0.94033    
    3425.0      0.94038    
    3426.0      0.94043    
    3427.0      0.94048    
    3428.0      0.94053    
    3429.0      0.94058    
    3430.0      0.94063    
    3431.0      0.94068    
    3432.0      0.94073    
    3433.0      0.94078    
    3434.0      0.94083    
    3435.0      0.94088    
    3436.0      0.94093    
    3437.0      0.94098    
    3438.0      0.94103    
    3439.0      0.94108    
    3440.0      0.94113    
    3441.0      0.94118    
    3442.0      0.94123    
    3443.0      0.94127    
    3444.0      0.94132    
    3445.0      0.94137    
    3446.0      0.94142    
    3447.0      0.94147    
    3448.0      0.94152    
    3449.0      0.94157    
    3450.0      0.94162    
    3451.0      0.94167    
    3452.0      0.94172    
    3453.0      0.94177    
    3454.0      0.94181    
    3455.0      0.94186    
    3456.0      0.94191    
    3457.0      0.94196    
    3458.0      0.94201    
    3459.0      0.94206    
    3460.0      0.94211    
    3461.0      0.94215    
    3462.0      0.94220    
    3463.0      0.94225    
    3464.0      0.94230    
    3465.0      0.94235    
    3466.0      0.94240    
    3467.0      0.94244    
    3468.0      0.94249    
    3469.0      0.94254    
    3470.0      0.94259    
    3471.0      0.94264    
    3472.0      0.94268    
    3473.0      0.94273    
    3474.0      0.94278    
    3475.0      0.94283    
    3476.0      0.94287    
    3477.0      0.94292    
    3478.0      0.94297    
    3479.0      0.94302    
    3480.0      0.94306    
    3481.0      0.94311    
    3482.0      0.94316    
    3483.0      0.94321    
    3484.0      0.94325    
    3485.0      0.94330    
    3486.0      0.94335    
    3487.0      0.94340    
    3488.0      0.94344    
    3489.0      0.94349    
    3490.0      0.94354    
    3491.0      0.94358    
    3492.0      0.94363    
    3493.0      0.94368    
    3494.0      0.94372    
    3495.0      0.94377    
    3496.0      0.94382    
    3497.0      0.94386    
    3498.0      0.94391    
    3499.0      0.94396    
    3500.0      0.94400    
    3501.0      0.94405    
    3502.0      0.94410    
    3503.0      0.94414    
    3504.0      0.94419    
    3505.0      0.94423    
    3506.0      0.94428    
    3507.0      0.94433    
    3508.0      0.94437    
    3509.0      0.94442    
    3510.0      0.94447    
    3511.0      0.94451    
    3512.0      0.94456    
    3513.0      0.94460    
    3514.0      0.94465    
    3515.0      0.94469    
    3516.0      0.94474    
    3517.0      0.94479    
    3518.0      0.94483    
    3519.0      0.94488    
    3520.0      0.94492    
    3521.0      0.94497    
    3522.0      0.94501    
    3523.0      0.94506    
    3524.0      0.94510    
    3525.0      0.94515    
    3526.0      0.94519    
    3527.0      0.94524    
    3528.0      0.94528    
    3529.0      0.94533    
    3530.0      0.94537    
    3531.0      0.94542    
    3532.0      0.94546    
    3533.0      0.94551    
    3534.0      0.94555    
    3535.0      0.94560    
    3536.0      0.94564    
    3537.0      0.94569    
    3538.0      0.94573    
    3539.0      0.94578    
    3540.0      0.94582    
    3541.0      0.94587    
    3542.0      0.94591    
    3543.0      0.94595    
    3544.0      0.94600    
    3545.0      0.94604    
    3546.0      0.94609    
    3547.0      0.94613    
    3548.0      0.94618    
    3549.0      0.94622    
    3550.0      0.94626    
    3551.0      0.94631    
    3552.0      0.94635    
    3553.0      0.94640    
    3554.0      0.94644    
    3555.0      0.94648    
    3556.0      0.94653    
    3557.0      0.94657    
    3558.0      0.94662    
    3559.0      0.94666    
    3560.0      0.94670    
    3561.0      0.94675    
    3562.0      0.94679    
    3563.0      0.94683    
    3564.0      0.94688    
    3565.0      0.94692    
    3566.0      0.94696    
    3567.0      0.94701    
    3568.0      0.94705    
    3569.0      0.94709    
    3570.0      0.94714    
    3571.0      0.94718    
    3572.0      0.94722    
    3573.0      0.94727    
    3574.0      0.94731    
    3575.0      0.94735    
    3576.0      0.94739    
    3577.0      0.94744    
    3578.0      0.94748    
    3579.0      0.94752    
    3580.0      0.94757    
    3581.0      0.94761    
    3582.0      0.94765    
    3583.0      0.94769    
    3584.0      0.94774    
    3585.0      0.94778    
    3586.0      0.94782    
    3587.0      0.94786    
    3588.0      0.94791    
    3589.0      0.94795    
    3590.0      0.94799    
    3591.0      0.94803    
    3592.0      0.94807    
    3593.0      0.94812    
    3594.0      0.94816    
    3595.0      0.94820    
    3596.0      0.94824    
    3597.0      0.94828    
    3598.0      0.94833    
    3599.0      0.94837    
    3600.0      0.94841    
    3601.0      0.94845    
    3602.0      0.94849    
    3603.0      0.94854    
    3604.0      0.94858    
    3605.0      0.94862    
    3606.0      0.94866    
    3607.0      0.94870    
    3608.0      0.94874    
    3609.0      0.94878    
    3610.0      0.94883    
    3611.0      0.94887    
    3612.0      0.94891    
    3613.0      0.94895    
    3614.0      0.94899    
    3615.0      0.94903    
    3616.0      0.94907    
    3617.0      0.94911    
    3618.0      0.94916    
    3619.0      0.94920    
    3620.0      0.94924    
    3621.0      0.94928    
    3622.0      0.94932    
    3623.0      0.94936    
    3624.0      0.94940    
    3625.0      0.94944    
    3626.0      0.94948    
    3627.0      0.94952    
    3628.0      0.94956    
    3629.0      0.94961    
    3630.0      0.94965    
    3631.0      0.94969    
    3632.0      0.94973    
    3633.0      0.94977    
    3634.0      0.94981    
    3635.0      0.94985    
    3636.0      0.94989    
    3637.0      0.94993    
    3638.0      0.94997    
    3639.0      0.95001    
    3640.0      0.95005    
    3641.0      0.95009    
    3642.0      0.95013    
    3643.0      0.95017    
    3644.0      0.95021    
    3645.0      0.95025    
    3646.0      0.95029    
    3647.0      0.95033    
    3648.0      0.95037    
    3649.0      0.95041    
    3650.0      0.95045    
    3651.0      0.95049    
    3652.0      0.95053    
    3653.0      0.95057    
    3654.0      0.95061    
    3655.0      0.95065    
    3656.0      0.95069    
    3657.0      0.95073    
    3658.0      0.95077    
    3659.0      0.95080    
    3660.0      0.95084    
    3661.0      0.95088    
    3662.0      0.95092    
    3663.0      0.95096    
    3664.0      0.95100    
    3665.0      0.95104    
    3666.0      0.95108    
    3667.0      0.95112    
    3668.0      0.95116    
    3669.0      0.95120    
    3670.0      0.95123    
    3671.0      0.95127    
    3672.0      0.95131    
    3673.0      0.95135    
    3674.0      0.95139    
    3675.0      0.95143    
    3676.0      0.95147    
    3677.0      0.95151    
    3678.0      0.95154    
    3679.0      0.95158    
    3680.0      0.95162    
    3681.0      0.95166    
    3682.0      0.95170    
    3683.0      0.95174    
    3684.0      0.95178    
    3685.0      0.95181    
    3686.0      0.95185    
    3687.0      0.95189    
    3688.0      0.95193    
    3689.0      0.95197    
    3690.0      0.95201    
    3691.0      0.95204    
    3692.0      0.95208    
    3693.0      0.95212    
    3694.0      0.95216    
    3695.0      0.95220    
    3696.0      0.95223    
    3697.0      0.95227    
    3698.0      0.95231    
    3699.0      0.95235    
    3700.0      0.95238    
    3701.0      0.95242    
    3702.0      0.95246    
    3703.0      0.95250    
    3704.0      0.95254    
    3705.0      0.95257    
    3706.0      0.95261    
    3707.0      0.95265    
    3708.0      0.95269    
    3709.0      0.95272    
    3710.0      0.95276    
    3711.0      0.95280    
    3712.0      0.95283    
    3713.0      0.95287    
    3714.0      0.95291    
    3715.0      0.95295    
    3716.0      0.95298    
    3717.0      0.95302    
    3718.0      0.95306    
    3719.0      0.95309    
    3720.0      0.95313    
    3721.0      0.95317    
    3722.0      0.95320    
    3723.0      0.95324    
    3724.0      0.95328    
    3725.0      0.95332    
    3726.0      0.95335    
    3727.0      0.95339    
    3728.0      0.95343    
    3729.0      0.95346    
    3730.0      0.95350    
    3731.0      0.95354    
    3732.0      0.95357    
    3733.0      0.95361    
    3734.0      0.95365    
    3735.0      0.95368    
    3736.0      0.95372    
    3737.0      0.95375    
    3738.0      0.95379    
    3739.0      0.95383    
    3740.0      0.95386    
    3741.0      0.95390    
    3742.0      0.95394    
    3743.0      0.95397    
    3744.0      0.95401    
    3745.0      0.95404    
    3746.0      0.95408    
    3747.0      0.95412    
    3748.0      0.95415    
    3749.0      0.95419    
    3750.0      0.95422    
    3751.0      0.95426    
    3752.0      0.95430    
    3753.0      0.95433    
    3754.0      0.95437    
    3755.0      0.95440    
    3756.0      0.95444    
    3757.0      0.95447    
    3758.0      0.95451    
    3759.0      0.95455    
    3760.0      0.95458    
    3761.0      0.95462    
    3762.0      0.95465    
    3763.0      0.95469    
    3764.0      0.95472    
    3765.0      0.95476    
    3766.0      0.95479    
    3767.0      0.95483    
    3768.0      0.95486    
    3769.0      0.95490    
    3770.0      0.95493    
    3771.0      0.95497    
    3772.0      0.95500    
    3773.0      0.95504    
    3774.0      0.95507    
    3775.0      0.95511    
    3776.0      0.95514    
    3777.0      0.95518    
    3778.0      0.95521    
    3779.0      0.95525    
    3780.0      0.95528    
    3781.0      0.95532    
    3782.0      0.95535    
    3783.0      0.95539    
    3784.0      0.95542    
    3785.0      0.95546    
    3786.0      0.95549    
    3787.0      0.95553    
    3788.0      0.95556    
    3789.0      0.95560    
    3790.0      0.95563    
    3791.0      0.95566    
    3792.0      0.95570    
    3793.0      0.95573    
    3794.0      0.95577    
    3795.0      0.95580    
    3796.0      0.95584    
    3797.0      0.95587    
    3798.0      0.95591    
    3799.0      0.95594    
    3800.0      0.95597    
    3801.0      0.95601    
    3802.0      0.95604    
    3803.0      0.95608    
    3804.0      0.95611    
    3805.0      0.95614    
    3806.0      0.95618    
    3807.0      0.95621    
    3808.0      0.95625    
    3809.0      0.95628    
    3810.0      0.95631    
    3811.0      0.95635    
    3812.0      0.95638    
    3813.0      0.95641    
    3814.0      0.95645    
    3815.0      0.95648    
    3816.0      0.95652    
    3817.0      0.95655    
    3818.0      0.95658    
    3819.0      0.95662    
    3820.0      0.95665    
    3821.0      0.95668    
    3822.0      0.95672    
    3823.0      0.95675    
    3824.0      0.95678    
    3825.0      0.95682    
    3826.0      0.95685    
    3827.0      0.95688    
    3828.0      0.95692    
    3829.0      0.95695    
    3830.0      0.95698    
    3831.0      0.95702    
    3832.0      0.95705    
    3833.0      0.95708    
    3834.0      0.95712    
    3835.0      0.95715    
    3836.0      0.95718    
    3837.0      0.95721    
    3838.0      0.95725    
    3839.0      0.95728    
    3840.0      0.95731    
    3841.0      0.95735    
    3842.0      0.95738    
    3843.0      0.95741    
    3844.0      0.95744    
    3845.0      0.95748    
    3846.0      0.95751    
    3847.0      0.95754    
    3848.0      0.95757    
    3849.0      0.95761    
    3850.0      0.95764    
    3851.0      0.95767    
    3852.0      0.95770    
    3853.0      0.95774    
    3854.0      0.95777    
    3855.0      0.95780    
    3856.0      0.95783    
    3857.0      0.95787    
    3858.0      0.95790    
    3859.0      0.95793    
    3860.0      0.95796    
    3861.0      0.95799    
    3862.0      0.95803    
    3863.0      0.95806    
    3864.0      0.95809    
    3865.0      0.95812    
    3866.0      0.95816    
    3867.0      0.95819    
    3868.0      0.95822    
    3869.0      0.95825    
    3870.0      0.95828    
    3871.0      0.95831    
    3872.0      0.95835    
    3873.0      0.95838    
    3874.0      0.95841    
    3875.0      0.95844    
    3876.0      0.95847    
    3877.0      0.95851    
    3878.0      0.95854    
    3879.0      0.95857    
    3880.0      0.95860    
    3881.0      0.95863    
    3882.0      0.95866    
    3883.0      0.95869    
    3884.0      0.95873    
    3885.0      0.95876    
    3886.0      0.95879    
    3887.0      0.95882    
    3888.0      0.95885    
    3889.0      0.95888    
    3890.0      0.95891    
    3891.0      0.95895    
    3892.0      0.95898    
    3893.0      0.95901    
    3894.0      0.95904    
    3895.0      0.95907    
    3896.0      0.95910    
    3897.0      0.95913    
    3898.0      0.95916    
    3899.0      0.95919    
    3900.0      0.95922    
    3901.0      0.95926    
    3902.0      0.95929    
    3903.0      0.95932    
    3904.0      0.95935    
    3905.0      0.95938    
    3906.0      0.95941    
    3907.0      0.95944    
    3908.0      0.95947    
    3909.0      0.95950    
    3910.0      0.95953    
    3911.0      0.95956    
    3912.0      0.95959    
    3913.0      0.95962    
    3914.0      0.95966    
    3915.0      0.95969    
    3916.0      0.95972    
    3917.0      0.95975    
    3918.0      0.95978    
    3919.0      0.95981    
    3920.0      0.95984    
    3921.0      0.95987    
    3922.0      0.95990    
    3923.0      0.95993    
    3924.0      0.95996    
    3925.0      0.95999    
    3926.0      0.96002    
    3927.0      0.96005    
    3928.0      0.96008    
    3929.0      0.96011    
    3930.0      0.96014    
    3931.0      0.96017    
    3932.0      0.96020    
    3933.0      0.96023    
    3934.0      0.96026    
    3935.0      0.96029    
    3936.0      0.96032    
    3937.0      0.96035    
    3938.0      0.96038    
    3939.0      0.96041    
    3940.0      0.96044    
    3941.0      0.96047    
    3942.0      0.96050    
    3943.0      0.96053    
    3944.0      0.96056    
    3945.0      0.96059    
    3946.0      0.96062    
    3947.0      0.96065    
    3948.0      0.96068    
    3949.0      0.96071    
    3950.0      0.96074    
    3951.0      0.96077    
    3952.0      0.96079    
    3953.0      0.96082    
    3954.0      0.96085    
    3955.0      0.96088    
    3956.0      0.96091    
    3957.0      0.96094    
    3958.0      0.96097    
    3959.0      0.96100    
    3960.0      0.96103    
    3961.0      0.96106    
    3962.0      0.96109    
    3963.0      0.96112    
    3964.0      0.96115    
    3965.0      0.96117    
    3966.0      0.96120    
    3967.0      0.96123    
    3968.0      0.96126    
    3969.0      0.96129    
    3970.0      0.96132    
    3971.0      0.96135    
    3972.0      0.96138    
    3973.0      0.96141    
    3974.0      0.96144    
    3975.0      0.96146    
    3976.0      0.96149    
    3977.0      0.96152    
    3978.0      0.96155    
    3979.0      0.96158    
    3980.0      0.96161    
    3981.0      0.96164    
    3982.0      0.96166    
    3983.0      0.96169    
    3984.0      0.96172    
    3985.0      0.96175    
    3986.0      0.96178    
    3987.0      0.96181    
    3988.0      0.96184    
    3989.0      0.96186    
    3990.0      0.96189    
    3991.0      0.96192    
    3992.0      0.96195    
    3993.0      0.96198    
    3994.0      0.96201    
    3995.0      0.96203    
    3996.0      0.96206    
    3997.0      0.96209    
    3998.0      0.96212    
    3999.0      0.96215    
    4000.0      0.96217    
    4001.0      0.96220    
    4002.0      0.96223    
    4003.0      0.96226    
    4004.0      0.96229    
    4005.0      0.96231    
    4006.0      0.96234    
    4007.0      0.96237    
    4008.0      0.96240    
    4009.0      0.96243    
    4010.0      0.96245    
    4011.0      0.96248    
    4012.0      0.96251    
    4013.0      0.96254    
    4014.0      0.96256    
    4015.0      0.96259    
    4016.0      0.96262    
    4017.0      0.96265    
    4018.0      0.96268    
    4019.0      0.96270    
    4020.0      0.96273    
    4021.0      0.96276    
    4022.0      0.96279    
    4023.0      0.96281    
    4024.0      0.96284    
    4025.0      0.96287    
    4026.0      0.96289    
    4027.0      0.96292    
    4028.0      0.96295    
    4029.0      0.96298    
    4030.0      0.96300    
    4031.0      0.96303    
    4032.0      0.96306    
    4033.0      0.96309    
    4034.0      0.96311    
    4035.0      0.96314    
    4036.0      0.96317    
    4037.0      0.96319    
    4038.0      0.96322    
    4039.0      0.96325    
    4040.0      0.96328    
    4041.0      0.96330    
    4042.0      0.96333    
    4043.0      0.96336    
    4044.0      0.96338    
    4045.0      0.96341    
    4046.0      0.96344    
    4047.0      0.96346    
    4048.0      0.96349    
    4049.0      0.96352    
    4050.0      0.96355    
    4051.0      0.96357    
    4052.0      0.96360    
    4053.0      0.96363    
    4054.0      0.96365    
    4055.0      0.96368    
    4056.0      0.96371    
    4057.0      0.96373    
    4058.0      0.96376    
    4059.0      0.96379    
    4060.0      0.96381    
    4061.0      0.96384    
    4062.0      0.96387    
    4063.0      0.96389    
    4064.0      0.96392    
    4065.0      0.96394    
    4066.0      0.96397    
    4067.0      0.96400    
    4068.0      0.96402    
    4069.0      0.96405    
    4070.0      0.96408    
    4071.0      0.96410    
    4072.0      0.96413    
    4073.0      0.96416    
    4074.0      0.96418    
    4075.0      0.96421    
    4076.0      0.96423    
    4077.0      0.96426    
    4078.0      0.96429    
    4079.0      0.96431    
    4080.0      0.96434    
    4081.0      0.96436    
    4082.0      0.96439    
    4083.0      0.96442    
    4084.0      0.96444    
    4085.0      0.96447    
    4086.0      0.96449    
    4087.0      0.96452    
    4088.0      0.96455    
    4089.0      0.96457    
    4090.0      0.96460    
    4091.0      0.96462    
    4092.0      0.96465    
    4093.0      0.96467    
    4094.0      0.96470    
    4095.0      0.96473    
    4096.0      0.96475    
    4097.0      0.96478    
    4098.0      0.96480    
    4099.0      0.96483    
    4100.0      0.96485    
    4101.0      0.96488    
    4102.0      0.96491    
    4103.0      0.96493    
    4104.0      0.96496    
    4105.0      0.96498    
    4106.0      0.96501    
    4107.0      0.96503    
    4108.0      0.96506    
    4109.0      0.96508    
    4110.0      0.96511    
    4111.0      0.96513    
    4112.0      0.96516    
    4113.0      0.96518    
    4114.0      0.96521    
    4115.0      0.96524    
    4116.0      0.96526    
    4117.0      0.96529    
    4118.0      0.96531    
    4119.0      0.96534    
    4120.0      0.96536    
    4121.0      0.96539    
    4122.0      0.96541    
    4123.0      0.96544    
    4124.0      0.96546    
    4125.0      0.96549    
    4126.0      0.96551    
    4127.0      0.96554    
    4128.0      0.96556    
    4129.0      0.96559    
    4130.0      0.96561    
    4131.0      0.96564    
    4132.0      0.96566    
    4133.0      0.96569    
    4134.0      0.96571    
    4135.0      0.96573    
    4136.0      0.96576    
    4137.0      0.96578    
    4138.0      0.96581    
    4139.0      0.96583    
    4140.0      0.96586    
    4141.0      0.96588    
    4142.0      0.96591    
    4143.0      0.96593    
    4144.0      0.96596    
    4145.0      0.96598    
    4146.0      0.96601    
    4147.0      0.96603    
    4148.0      0.96605    
    4149.0      0.96608    
    4150.0      0.96610    
    4151.0      0.96613    
    4152.0      0.96615    
    4153.0      0.96618    
    4154.0      0.96620    
    4155.0      0.96623    
    4156.0      0.96625    
    4157.0      0.96627    
    4158.0      0.96630    
    4159.0      0.96632    
    4160.0      0.96635    
    4161.0      0.96637    
    4162.0      0.96639    
    4163.0      0.96642    
    4164.0      0.96644    
    4165.0      0.96647    
    4166.0      0.96649    
    4167.0      0.96651    
    4168.0      0.96654    
    4169.0      0.96656    
    4170.0      0.96659    
    4171.0      0.96661    
    4172.0      0.96663    
    4173.0      0.96666    
    4174.0      0.96668    
    4175.0      0.96671    
    4176.0      0.96673    
    4177.0      0.96675    
    4178.0      0.96678    
    4179.0      0.96680    
    4180.0      0.96683    
    4181.0      0.96685    
    4182.0      0.96687    
    4183.0      0.96690    
    4184.0      0.96692    
    4185.0      0.96694    
    4186.0      0.96697    
    4187.0      0.96699    
    4188.0      0.96701    
    4189.0      0.96704    
    4190.0      0.96706    
    4191.0      0.96708    
    4192.0      0.96711    
    4193.0      0.96713    
    4194.0      0.96715    
    4195.0      0.96718    
    4196.0      0.96720    
    4197.0      0.96723    
    4198.0      0.96725    
    4199.0      0.96727    
    4200.0      0.96730    
    4201.0      0.96732    
    4202.0      0.96734    
    4203.0      0.96736    
    4204.0      0.96739    
    4205.0      0.96741    
    4206.0      0.96743    
    4207.0      0.96746    
    4208.0      0.96748    
    4209.0      0.96750    
    4210.0      0.96753    
    4211.0      0.96755    
    4212.0      0.96757    
    4213.0      0.96760    
    4214.0      0.96762    
    4215.0      0.96764    
    4216.0      0.96766    
    4217.0      0.96769    
    4218.0      0.96771    
    4219.0      0.96773    
    4220.0      0.96776    
    4221.0      0.96778    
    4222.0      0.96780    
    4223.0      0.96782    
    4224.0      0.96785    
    4225.0      0.96787    
    4226.0      0.96789    
    4227.0      0.96792    
    4228.0      0.96794    
    4229.0      0.96796    
    4230.0      0.96798    
    4231.0      0.96801    
    4232.0      0.96803    
    4233.0      0.96805    
    4234.0      0.96807    
    4235.0      0.96810    
    4236.0      0.96812    
    4237.0      0.96814    
    4238.0      0.96816    
    4239.0      0.96819    
    4240.0      0.96821    
    4241.0      0.96823    
    4242.0      0.96825    
    4243.0      0.96828    
    4244.0      0.96830    
    4245.0      0.96832    
    4246.0      0.96834    
    4247.0      0.96837    
    4248.0      0.96839    
    4249.0      0.96841    
    4250.0      0.96843    
    4251.0      0.96845    
    4252.0      0.96848    
    4253.0      0.96850    
    4254.0      0.96852    
    4255.0      0.96854    
    4256.0      0.96857    
    4257.0      0.96859    
    4258.0      0.96861    
    4259.0      0.96863    
    4260.0      0.96865    
    4261.0      0.96868    
    4262.0      0.96870    
    4263.0      0.96872    
    4264.0      0.96874    
    4265.0      0.96876    
    4266.0      0.96879    
    4267.0      0.96881    
    4268.0      0.96883    
    4269.0      0.96885    
    4270.0      0.96887    
    4271.0      0.96890    
    4272.0      0.96892    
    4273.0      0.96894    
    4274.0      0.96896    
    4275.0      0.96898    
    4276.0      0.96900    
    4277.0      0.96903    
    4278.0      0.96905    
    4279.0      0.96907    
    4280.0      0.96909    
    4281.0      0.96911    
    4282.0      0.96913    
    4283.0      0.96916    
    4284.0      0.96918    
    4285.0      0.96920    
    4286.0      0.96922    
    4287.0      0.96924    
    4288.0      0.96926    
    4289.0      0.96928    
    4290.0      0.96931    
    4291.0      0.96933    
    4292.0      0.96935    
    4293.0      0.96937    
    4294.0      0.96939    
    4295.0      0.96941    
    4296.0      0.96943    
    4297.0      0.96946    
    4298.0      0.96948    
    4299.0      0.96950    
    4300.0      0.96952    
    4301.0      0.96954    
    4302.0      0.96956    
    4303.0      0.96958    
    4304.0      0.96960    
    4305.0      0.96963    
    4306.0      0.96965    
    4307.0      0.96967    
    4308.0      0.96969    
    4309.0      0.96971    
    4310.0      0.96973    
    4311.0      0.96975    
    4312.0      0.96977    
    4313.0      0.96979    
    4314.0      0.96982    
    4315.0      0.96984    
    4316.0      0.96986    
    4317.0      0.96988    
    4318.0      0.96990    
    4319.0      0.96992    
    4320.0      0.96994    
    4321.0      0.96996    
    4322.0      0.96998    
    4323.0      0.97000    
    4324.0      0.97002    
    4325.0      0.97004    
    4326.0      0.97007    
    4327.0      0.97009    
    4328.0      0.97011    
    4329.0      0.97013    
    4330.0      0.97015    
    4331.0      0.97017    
    4332.0      0.97019    
    4333.0      0.97021    
    4334.0      0.97023    
    4335.0      0.97025    
    4336.0      0.97027    
    4337.0      0.97029    
    4338.0      0.97031    
    4339.0      0.97033    
    4340.0      0.97035    
    4341.0      0.97037    
    4342.0      0.97040    
    4343.0      0.97042    
    4344.0      0.97044    
    4345.0      0.97046    
    4346.0      0.97048    
    4347.0      0.97050    
    4348.0      0.97052    
    4349.0      0.97054    
    4350.0      0.97056    
    4351.0      0.97058    
    4352.0      0.97060    
    4353.0      0.97062    
    4354.0      0.97064    
    4355.0      0.97066    
    4356.0      0.97068    
    4357.0      0.97070    
    4358.0      0.97072    
    4359.0      0.97074    
    4360.0      0.97076    
    4361.0      0.97078    
    4362.0      0.97080    
    4363.0      0.97082    
    4364.0      0.97084    
    4365.0      0.97086    
    4366.0      0.97088    
    4367.0      0.97090    
    4368.0      0.97092    
    4369.0      0.97094    
    4370.0      0.97096    
    4371.0      0.97098    
    4372.0      0.97100    
    4373.0      0.97102    
    4374.0      0.97104    
    4375.0      0.97106    
    4376.0      0.97108    
    4377.0      0.97110    
    4378.0      0.97112    
    4379.0      0.97114    
    4380.0      0.97116    
    4381.0      0.97118    
    4382.0      0.97120    
    4383.0      0.97122    
    4384.0      0.97124    
    4385.0      0.97126    
    4386.0      0.97128    
    4387.0      0.97130    
    4388.0      0.97132    
    4389.0      0.97134    
    4390.0      0.97136    
    4391.0      0.97138    
    4392.0      0.97139    
    4393.0      0.97141    
    4394.0      0.97143    
    4395.0      0.97145    
    4396.0      0.97147    
    4397.0      0.97149    
    4398.0      0.97151    
    4399.0      0.97153    
    4400.0      0.97155    
    4401.0      0.97157    
    4402.0      0.97159    
    4403.0      0.97161    
    4404.0      0.97163    
    4405.0      0.97165    
    4406.0      0.97167    
    4407.0      0.97169    
    4408.0      0.97171    
    4409.0      0.97172    
    4410.0      0.97174    
    4411.0      0.97176    
    4412.0      0.97178    
    4413.0      0.97180    
    4414.0      0.97182    
    4415.0      0.97184    
    4416.0      0.97186    
    4417.0      0.97188    
    4418.0      0.97190    
    4419.0      0.97192    
    4420.0      0.97194    
    4421.0      0.97195    
    4422.0      0.97197    
    4423.0      0.97199    
    4424.0      0.97201    
    4425.0      0.97203    
    4426.0      0.97205    
    4427.0      0.97207    
    4428.0      0.97209    
    4429.0      0.97211    
    4430.0      0.97213    
    4431.0      0.97214    
    4432.0      0.97216    
    4433.0      0.97218    
    4434.0      0.97220    
    4435.0      0.97222    
    4436.0      0.97224    
    4437.0      0.97226    
    4438.0      0.97228    
    4439.0      0.97230    
    4440.0      0.97231    
    4441.0      0.97233    
    4442.0      0.97235    
    4443.0      0.97237    
    4444.0      0.97239    
    4445.0      0.97241    
    4446.0      0.97243    
    4447.0      0.97244    
    4448.0      0.97246    
    4449.0      0.97248    
    4450.0      0.97250    
    4451.0      0.97252    
    4452.0      0.97254    
    4453.0      0.97256    
    4454.0      0.97257    
    4455.0      0.97259    
    4456.0      0.97261    
    4457.0      0.97263    
    4458.0      0.97265    
    4459.0      0.97267    
    4460.0      0.97269    
    4461.0      0.97270    
    4462.0      0.97272    
    4463.0      0.97274    
    4464.0      0.97276    
    4465.0      0.97278    
    4466.0      0.97280    
    4467.0      0.97281    
    4468.0      0.97283    
    4469.0      0.97285    
    4470.0      0.97287    
    4471.0      0.97289    
    4472.0      0.97291    
    4473.0      0.97292    
    4474.0      0.97294    
    4475.0      0.97296    
    4476.0      0.97298    
    4477.0      0.97300    
    4478.0      0.97301    
    4479.0      0.97303    
    4480.0      0.97305    
    4481.0      0.97307    
    4482.0      0.97309    
    4483.0      0.97310    
    4484.0      0.97312    
    4485.0      0.97314    
    4486.0      0.97316    
    4487.0      0.97318    
    4488.0      0.97320    
    4489.0      0.97321    
    4490.0      0.97323    
    4491.0      0.97325    
    4492.0      0.97327    
    4493.0      0.97328    
    4494.0      0.97330    
    4495.0      0.97332    
    4496.0      0.97334    
    4497.0      0.97336    
    4498.0      0.97337    
    4499.0      0.97339    
    4500.0      0.97341    
    4501.0      0.97343    
    4502.0      0.97345    
    4503.0      0.97346    
    4504.0      0.97348    
    4505.0      0.97350    
    4506.0      0.97352    
    4507.0      0.97353    
    4508.0      0.97355    
    4509.0      0.97357    
    4510.0      0.97359    
    4511.0      0.97360    
    4512.0      0.97362    
    4513.0      0.97364    
    4514.0      0.97366    
    4515.0      0.97367    
    4516.0      0.97369    
    4517.0      0.97371    
    4518.0      0.97373    
    4519.0      0.97374    
    4520.0      0.97376    
    4521.0      0.97378    
    4522.0      0.97380    
    4523.0      0.97381    
    4524.0      0.97383    
    4525.0      0.97385    
    4526.0      0.97387    
    4527.0      0.97388    
    4528.0      0.97390    
    4529.0      0.97392    
    4530.0      0.97394    
    4531.0      0.97395    
    4532.0      0.97397    
    4533.0      0.97399    
    4534.0      0.97401    
    4535.0      0.97402    
    4536.0      0.97404    
    4537.0      0.97406    
    4538.0      0.97407    
    4539.0      0.97409    
    4540.0      0.97411    
    4541.0      0.97413    
    4542.0      0.97414    
    4543.0      0.97416    
    4544.0      0.97418    
    4545.0      0.97419    
    4546.0      0.97421    
    4547.0      0.97423    
    4548.0      0.97425    
    4549.0      0.97426    
    4550.0      0.97428    
    4551.0      0.97430    
    4552.0      0.97431    
    4553.0      0.97433    
    4554.0      0.97435    
    4555.0      0.97436    
    4556.0      0.97438    
    4557.0      0.97440    
    4558.0      0.97442    
    4559.0      0.97443    
    4560.0      0.97445    
    4561.0      0.97447    
    4562.0      0.97448    
    4563.0      0.97450    
    4564.0      0.97452    
    4565.0      0.97453    
    4566.0      0.97455    
    4567.0      0.97457    
    4568.0      0.97458    
    4569.0      0.97460    
    4570.0      0.97462    
    4571.0      0.97463    
    4572.0      0.97465    
    4573.0      0.97467    
    4574.0      0.97468    
    4575.0      0.97470    
    4576.0      0.97472    
    4577.0      0.97473    
    4578.0      0.97475    
    4579.0      0.97477    
    4580.0      0.97478    
    4581.0      0.97480    
    4582.0      0.97482    
    4583.0      0.97483    
    4584.0      0.97485    
    4585.0      0.97487    
    4586.0      0.97488    
    4587.0      0.97490    
    4588.0      0.97492    
    4589.0      0.97493    
    4590.0      0.97495    
    4591.0      0.97497    
    4592.0      0.97498    
    4593.0      0.97500    
    4594.0      0.97501    
    4595.0      0.97503    
    4596.0      0.97505    
    4597.0      0.97506    
    4598.0      0.97508    
    4599.0      0.97510    
    4600.0      0.97511    
    4601.0      0.97513    
    4602.0      0.97515    
    4603.0      0.97516    
    4604.0      0.97518    
    4605.0      0.97519    
    4606.0      0.97521    
    4607.0      0.97523    
    4608.0      0.97524    
    4609.0      0.97526    
    4610.0      0.97528    
    4611.0      0.97529    
    4612.0      0.97531    
    4613.0      0.97532    
    4614.0      0.97534    
    4615.0      0.97536    
    4616.0      0.97537    
    4617.0      0.97539    
    4618.0      0.97540    
    4619.0      0.97542    
    4620.0      0.97544    
    4621.0      0.97545    
    4622.0      0.97547    
    4623.0      0.97548    
    4624.0      0.97550    
    4625.0      0.97552    
    4626.0      0.97553    
    4627.0      0.97555    
    4628.0      0.97556    
    4629.0      0.97558    
    4630.0      0.97560    
    4631.0      0.97561    
    4632.0      0.97563    
    4633.0      0.97564    
    4634.0      0.97566    
    4635.0      0.97568    
    4636.0      0.97569    
    4637.0      0.97571    
    4638.0      0.97572    
    4639.0      0.97574    
    4640.0      0.97575    
    4641.0      0.97577    
    4642.0      0.97579    
    4643.0      0.97580    
    4644.0      0.97582    
    4645.0      0.97583    
    4646.0      0.97585    
    4647.0      0.97586    
    4648.0      0.97588    
    4649.0      0.97590    
    4650.0      0.97591    
    4651.0      0.97593    
    4652.0      0.97594    
    4653.0      0.97596    
    4654.0      0.97597    
    4655.0      0.97599    
    4656.0      0.97601    
    4657.0      0.97602    
    4658.0      0.97604    
    4659.0      0.97605    
    4660.0      0.97607    
    4661.0      0.97608    
    4662.0      0.97610    
    4663.0      0.97611    
    4664.0      0.97613    
    4665.0      0.97614    
    4666.0      0.97616    
    4667.0      0.97618    
    4668.0      0.97619    
    4669.0      0.97621    
    4670.0      0.97622    
    4671.0      0.97624    
    4672.0      0.97625    
    4673.0      0.97627    
    4674.0      0.97628    
    4675.0      0.97630    
    4676.0      0.97631    
    4677.0      0.97633    
    4678.0      0.97634    
    4679.0      0.97636    
    4680.0      0.97637    
    4681.0      0.97639    
    4682.0      0.97641    
    4683.0      0.97642    
    4684.0      0.97644    
    4685.0      0.97645    
    4686.0      0.97647    
    4687.0      0.97648    
    4688.0      0.97650    
    4689.0      0.97651    
    4690.0      0.97653    
    4691.0      0.97654    
    4692.0      0.97656    
    4693.0      0.97657    
    4694.0      0.97659    
    4695.0      0.97660    
    4696.0      0.97662    
    4697.0      0.97663    
    4698.0      0.97665    
    4699.0      0.97666    
    4700.0      0.97668    
    4701.0      0.97669    
    4702.0      0.97671    
    4703.0      0.97672    
    4704.0      0.97674    
    4705.0      0.97675    
    4706.0      0.97677    
    4707.0      0.97678    
    4708.0      0.97680    
    4709.0      0.97681    
    4710.0      0.97683    
    4711.0      0.97684    
    4712.0      0.97686    
    4713.0      0.97687    
    4714.0      0.97689    
    4715.0      0.97690    
    4716.0      0.97692    
    4717.0      0.97693    
    4718.0      0.97694    
    4719.0      0.97696    
    4720.0      0.97697    
    4721.0      0.97699    
    4722.0      0.97700    
    4723.0      0.97702    
    4724.0      0.97703    
    4725.0      0.97705    
    4726.0      0.97706    
    4727.0      0.97708    
    4728.0      0.97709    
    4729.0      0.97711    
    4730.0      0.97712    
    4731.0      0.97714    
    4732.0      0.97715    
    4733.0      0.97716    
    4734.0      0.97718    
    4735.0      0.97719    
    4736.0      0.97721    
    4737.0      0.97722    
    4738.0      0.97724    
    4739.0      0.97725    
    4740.0      0.97727    
    4741.0      0.97728    
    4742.0      0.97730    
    4743.0      0.97731    
    4744.0      0.97732    
    4745.0      0.97734    
    4746.0      0.97735    
    4747.0      0.97737    
    4748.0      0.97738    
    4749.0      0.97740    
    4750.0      0.97741    
    4751.0      0.97743    
    4752.0      0.97744    
    4753.0      0.97745    
    4754.0      0.97747    
    4755.0      0.97748    
    4756.0      0.97750    
    4757.0      0.97751    
    4758.0      0.97753    
    4759.0      0.97754    
    4760.0      0.97755    
    4761.0      0.97757    
    4762.0      0.97758    
    4763.0      0.97760    
    4764.0      0.97761    
    4765.0      0.97763    
    4766.0      0.97764    
    4767.0      0.97765    
    4768.0      0.97767    
    4769.0      0.97768    
    4770.0      0.97770    
    4771.0      0.97771    
    4772.0      0.97772    
    4773.0      0.97774    
    4774.0      0.97775    
    4775.0      0.97777    
    4776.0      0.97778    
    4777.0      0.97780    
    4778.0      0.97781    
    4779.0      0.97782    
    4780.0      0.97784    
    4781.0      0.97785    
    4782.0      0.97787    
    4783.0      0.97788    
    4784.0      0.97789    
    4785.0      0.97791    
    4786.0      0.97792    
    4787.0      0.97794    
    4788.0      0.97795    
    4789.0      0.97796    
    4790.0      0.97798    
    4791.0      0.97799    
    4792.0      0.97800    
    4793.0      0.97802    
    4794.0      0.97803    
    4795.0      0.97805    
    4796.0      0.97806    
    4797.0      0.97807    
    4798.0      0.97809    
    4799.0      0.97810    
    4800.0      0.97812    
    4801.0      0.97813    
    4802.0      0.97814    
    4803.0      0.97816    
    4804.0      0.97817    
    4805.0      0.97818    
    4806.0      0.97820    
    4807.0      0.97821    
    4808.0      0.97823    
    4809.0      0.97824    
    4810.0      0.97825    
    4811.0      0.97827    
    4812.0      0.97828    
    4813.0      0.97829    
    4814.0      0.97831    
    4815.0      0.97832    
    4816.0      0.97833    
    4817.0      0.97835    
    4818.0      0.97836    
    4819.0      0.97838    
    4820.0      0.97839    
    4821.0      0.97840    
    4822.0      0.97842    
    4823.0      0.97843    
    4824.0      0.97844    
    4825.0      0.97846    
    4826.0      0.97847    
    4827.0      0.97848    
    4828.0      0.97850    
    4829.0      0.97851    
    4830.0      0.97852    
    4831.0      0.97854    
    4832.0      0.97855    
    4833.0      0.97856    
    4834.0      0.97858    
    4835.0      0.97859    
    4836.0      0.97860    
    4837.0      0.97862    
    4838.0      0.97863    
    4839.0      0.97864    
    4840.0      0.97866    
    4841.0      0.97867    
    4842.0      0.97868    
    4843.0      0.97870    
    4844.0      0.97871    
    4845.0      0.97872    
    4846.0      0.97874    
    4847.0      0.97875    
    4848.0      0.97876    
    4849.0      0.97878    
    4850.0      0.97879    
    4851.0      0.97880    
    4852.0      0.97882    
    4853.0      0.97883    
    4854.0      0.97884    
    4855.0      0.97886    
    4856.0      0.97887    
    4857.0      0.97888    
    4858.0      0.97890    
    4859.0      0.97891    
    4860.0      0.97892    
    4861.0      0.97894    
    4862.0      0.97895    
    4863.0      0.97896    
    4864.0      0.97898    
    4865.0      0.97899    
    4866.0      0.97900    
    4867.0      0.97901    
    4868.0      0.97903    
    4869.0      0.97904    
    4870.0      0.97905    
    4871.0      0.97907    
    4872.0      0.97908    
    4873.0      0.97909    
    4874.0      0.97911    
    4875.0      0.97912    
    4876.0      0.97913    
    4877.0      0.97914    
    4878.0      0.97916    
    4879.0      0.97917    
    4880.0      0.97918    
    4881.0      0.97920    
    4882.0      0.97921    
    4883.0      0.97922    
    4884.0      0.97924    
    4885.0      0.97925    
    4886.0      0.97926    
    4887.0      0.97927    
    4888.0      0.97929    
    4889.0      0.97930    
    4890.0      0.97931    
    4891.0      0.97933    
    4892.0      0.97934    
    4893.0      0.97935    
    4894.0      0.97936    
    4895.0      0.97938    
    4896.0      0.97939    
    4897.0      0.97940    
    4898.0      0.97941    
    4899.0      0.97943    
    4900.0      0.97944    
    4901.0      0.97945    
    4902.0      0.97947    
    4903.0      0.97948    
    4904.0      0.97949    
    4905.0      0.97950    
    4906.0      0.97952    
    4907.0      0.97953    
    4908.0      0.97954    
    4909.0      0.97955    
    4910.0      0.97957    
    4911.0      0.97958    
    4912.0      0.97959    
    4913.0      0.97960    
    4914.0      0.97962    
    4915.0      0.97963    
    4916.0      0.97964    
    4917.0      0.97965    
    4918.0      0.97967    
    4919.0      0.97968    
    4920.0      0.97969    
    4921.0      0.97970    
    4922.0      0.97972    
    4923.0      0.97973    
    4924.0      0.97974    
    4925.0      0.97975    
    4926.0      0.97977    
    4927.0      0.97978    
    4928.0      0.97979    
    4929.0      0.97980    
    4930.0      0.97982    
    4931.0      0.97983    
    4932.0      0.97984    
    4933.0      0.97985    
    4934.0      0.97987    
    4935.0      0.97988    
    4936.0      0.97989    
    4937.0      0.97990    
    4938.0      0.97992    
    4939.0      0.97993    
    4940.0      0.97994    
    4941.0      0.97995    
    4942.0      0.97997    
    4943.0      0.97998    
    4944.0      0.97999    
    4945.0      0.98000    
    4946.0      0.98001    
    4947.0      0.98003    
    4948.0      0.98004    
    4949.0      0.98005    
    4950.0      0.98006    
    4951.0      0.98008    
    4952.0      0.98009    
    4953.0      0.98010    
    4954.0      0.98011    
    4955.0      0.98012    
    4956.0      0.98014    
    4957.0      0.98015    
    4958.0      0.98016    
    4959.0      0.98017    
    4960.0      0.98018    
    4961.0      0.98020    
    4962.0      0.98021    
    4963.0      0.98022    
    4964.0      0.98023    
    4965.0      0.98025    
    4966.0      0.98026    
    4967.0      0.98027    
    4968.0      0.98028    
    4969.0      0.98029    
    4970.0      0.98031    
    4971.0      0.98032    
    4972.0      0.98033    
    4973.0      0.98034    
    4974.0      0.98035    
    4975.0      0.98037    
    4976.0      0.98038    
    4977.0      0.98039    
    4978.0      0.98040    
    4979.0      0.98041    
    4980.0      0.98043    
    4981.0      0.98044    
    4982.0      0.98045    
    4983.0      0.98046    
    4984.0      0.98047    
    4985.0      0.98048    
    4986.0      0.98050    
    4987.0      0.98051    
    4988.0      0.98052    
    4989.0      0.98053    
    4990.0      0.98054    
    4991.0      0.98056    
    4992.0      0.98057    
    4993.0      0.98058    
    4994.0      0.98059    
    4995.0      0.98060    
    4996.0      0.98061    
    4997.0      0.98063    
    4998.0      0.98064    
    4999.0      0.98065    
    5000.0      0.98066    
    5005.0      0.98072    
    5010.0      0.98078    
    5015.0      0.98084    
    5020.0      0.98089    
    5025.0      0.98095    
    5030.0      0.98101    
    5035.0      0.98107    
    5040.0      0.98112    
    5045.0      0.98118    
    5050.0      0.98124    
    5055.0      0.98129    
    5060.0      0.98135    
    5065.0      0.98141    
    5070.0      0.98146    
    5075.0      0.98152    
    5080.0      0.98157    
    5085.0      0.98163    
    5090.0      0.98168    
    5095.0      0.98174    
    5100.0      0.98179    
    5105.0      0.98185    
    5110.0      0.98190    
    5115.0      0.98195    
    5120.0      0.98201    
    5125.0      0.98206    
    5130.0      0.98211    
    5135.0      0.98217    
    5140.0      0.98222    
    5145.0      0.98227    
    5150.0      0.98232    
    5155.0      0.98238    
    5160.0      0.98243    
    5165.0      0.98248    
    5170.0      0.98253    
    5175.0      0.98258    
    5180.0      0.98263    
    5185.0      0.98268    
    5190.0      0.98273    
    5195.0      0.98278    
    5200.0      0.98284    
    5205.0      0.98289    
    5210.0      0.98294    
    5215.0      0.98299    
    5220.0      0.98303    
    5225.0      0.98308    
    5230.0      0.98313    
    5235.0      0.98318    
    5240.0      0.98323    
    5245.0      0.98328    
    5250.0      0.98333    
    5255.0      0.98338    
    5260.0      0.98342    
    5265.0      0.98347    
    5270.0      0.98352    
    5275.0      0.98357    
    5280.0      0.98362    
    5285.0      0.98366    
    5290.0      0.98371    
    5295.0      0.98376    
    5300.0      0.98380    
    5305.0      0.98385    
    5310.0      0.98390    
    5315.0      0.98394    
    5320.0      0.98399    
    5325.0      0.98403    
    5330.0      0.98408    
    5335.0      0.98412    
    5340.0      0.98417    
    5345.0      0.98422    
    5350.0      0.98426    
    5355.0      0.98430    
    5360.0      0.98435    
    5365.0      0.98439    
    5370.0      0.98444    
    5375.0      0.98448    
    5380.0      0.98453    
    5385.0      0.98457    
    5390.0      0.98461    
    5395.0      0.98466    
    5400.0      0.98470    
    5405.0      0.98474    
    5410.0      0.98479    
    5415.0      0.98483    
    5420.0      0.98487    
    5425.0      0.98491    
    5430.0      0.98496    
    5435.0      0.98500    
    5440.0      0.98504    
    5445.0      0.98508    
    5450.0      0.98512    
    5455.0      0.98517    
    5460.0      0.98521    
    5465.0      0.98525    
    5470.0      0.98529    
    5475.0      0.98533    
    5480.0      0.98537    
    5485.0      0.98541    
    5490.0      0.98545    
    5495.0      0.98549    
    5500.0      0.98553    
    5505.0      0.98557    
    5510.0      0.98561    
    5515.0      0.98565    
    5520.0      0.98569    
    5525.0      0.98573    
    5530.0      0.98577    
    5535.0      0.98581    
    5540.0      0.98585    
    5545.0      0.98589    
    5550.0      0.98593    
    5555.0      0.98597    
    5560.0      0.98601    
    5565.0      0.98604    
    5570.0      0.98608    
    5575.0      0.98612    
    5580.0      0.98616    
    5585.0      0.98620    
    5590.0      0.98623    
    5595.0      0.98627    
    5600.0      0.98631    
    5605.0      0.98635    
    5610.0      0.98638    
    5615.0      0.98642    
    5620.0      0.98646    
    5625.0      0.98649    
    5630.0      0.98653    
    5635.0      0.98657    
    5640.0      0.98660    
    5645.0      0.98664    
    5650.0      0.98668    
    5655.0      0.98671    
    5660.0      0.98675    
    5665.0      0.98678    
    5670.0      0.98682    
    5675.0      0.98686    
    5680.0      0.98689    
    5685.0      0.98693    
    5690.0      0.98696    
    5695.0      0.98700    
    5700.0      0.98703    
    5705.0      0.98707    
    5710.0      0.98710    
    5715.0      0.98713    
    5720.0      0.98717    
    5725.0      0.98720    
    5730.0      0.98724    
    5735.0      0.98727    
    5740.0      0.98731    
    5745.0      0.98734    
    5750.0      0.98737    
    5755.0      0.98741    
    5760.0      0.98744    
    5765.0      0.98747    
    5770.0      0.98751    
    5775.0      0.98754    
    5780.0      0.98757    
    5785.0      0.98761    
    5790.0      0.98764    
    5795.0      0.98767    
    5800.0      0.98770    
    5805.0      0.98774    
    5810.0      0.98777    
    5815.0      0.98780    
    5820.0      0.98783    
    5825.0      0.98786    
    5830.0      0.98790    
    5835.0      0.98793    
    5840.0      0.98796    
    5845.0      0.98799    
    5850.0      0.98802    
    5855.0      0.98805    
    5860.0      0.98809    
    5865.0      0.98812    
    5870.0      0.98815    
    5875.0      0.98818    
    5880.0      0.98821    
    5885.0      0.98824    
    5890.0      0.98827    
    5895.0      0.98830    
    5900.0      0.98833    
    5905.0      0.98836    
    5910.0      0.98839    
    5915.0      0.98842    
    5920.0      0.98845    
    5925.0      0.98848    
    5930.0      0.98851    
    5935.0      0.98854    
    5940.0      0.98857    
    5945.0      0.98860    
    5950.0      0.98863    
    5955.0      0.98866    
    5960.0      0.98869    
    5965.0      0.98872    
    5970.0      0.98875    
    5975.0      0.98878    
    5980.0      0.98880    
    5985.0      0.98883    
    5990.0      0.98886    
    5995.0      0.98889    
    6000.0      0.98892    
    6005.0      0.98895    
    6010.0      0.98897    
    6015.0      0.98900    
    6020.0      0.98903    
    6025.0      0.98906    
    6030.0      0.98909    
    6035.0      0.98911    
    6040.0      0.98914    
    6045.0      0.98917    
    6050.0      0.98920    
    6055.0      0.98922    
    6060.0      0.98925    
    6065.0      0.98928    
    6070.0      0.98931    
    6075.0      0.98933    
    6080.0      0.98936    
    6085.0      0.98939    
    6090.0      0.98941    
    6095.0      0.98944    
    6100.0      0.98947    
    6105.0      0.98949    
    6110.0      0.98952    
    6115.0      0.98955    
    6120.0      0.98957    
    6125.0      0.98960    
    6130.0      0.98962    
    6135.0      0.98965    
    6140.0      0.98968    
    6145.0      0.98970    
    6150.0      0.98973    
    6155.0      0.98975    
    6160.0      0.98978    
    6165.0      0.98980    
    6170.0      0.98983    
    6175.0      0.98985    
    6180.0      0.98988    
    6185.0      0.98991    
    6190.0      0.98993    
    6195.0      0.98996    
    6200.0      0.98998    
    6205.0      0.99000    
    6210.0      0.99003    
    6215.0      0.99005    
    6220.0      0.99008    
    6225.0      0.99010    
    6230.0      0.99013    
    6235.0      0.99015    
    6240.0      0.99018    
    6245.0      0.99020    
    6250.0      0.99022    
    6255.0      0.99025    
    6260.0      0.99027    
    6265.0      0.99030    
    6270.0      0.99032    
    6275.0      0.99034    
    6280.0      0.99037    
    6285.0      0.99039    
    6290.0      0.99041    
    6295.0      0.99044    
    6300.0      0.99046    
    6305.0      0.99048    
    6310.0      0.99051    
    6315.0      0.99053    
    6320.0      0.99055    
    6325.0      0.99058    
    6330.0      0.99060    
    6335.0      0.99062    
    6340.0      0.99065    
    6345.0      0.99067    
    6350.0      0.99069    
    6355.0      0.99071    
    6360.0      0.99074    
    6365.0      0.99076    
    6370.0      0.99078    
    6375.0      0.99080    
    6380.0      0.99082    
    6385.0      0.99085    
    6390.0      0.99087    
    6395.0      0.99089    
    6400.0      0.99091    
    6405.0      0.99093    
    6410.0      0.99096    
    6415.0      0.99098    
    6420.0      0.99100    
    6425.0      0.99102    
    6430.0      0.99104    
    6435.0      0.99106    
    6440.0      0.99109    
    6445.0      0.99111    
    6450.0      0.99113    
    6455.0      0.99115    
    6460.0      0.99117    
    6465.0      0.99119    
    6470.0      0.99121    
    6475.0      0.99123    
    6480.0      0.99125    
    6485.0      0.99127    
    6490.0      0.99130    
    6495.0      0.99132    
    6500.0      0.99134    
    6505.0      0.99136    
    6510.0      0.99138    
    6515.0      0.99140    
    6520.0      0.99142    
    6525.0      0.99144    
    6530.0      0.99146    
    6535.0      0.99148    
    6540.0      0.99150    
    6545.0      0.99152    
    6550.0      0.99154    
    6555.0      0.99156    
    6560.0      0.99158    
    6565.0      0.99160    
    6570.0      0.99162    
    6575.0      0.99164    
    6580.0      0.99166    
    6585.0      0.99168    
    6590.0      0.99170    
    6595.0      0.99172    
    6600.0      0.99173    
    6605.0      0.99175    
    6610.0      0.99177    
    6615.0      0.99179    
    6620.0      0.99181    
    6625.0      0.99183    
    6630.0      0.99185    
    6635.0      0.99187    
    6640.0      0.99189    
    6645.0      0.99191    
    6650.0      0.99192    
    6655.0      0.99194    
    6660.0      0.99196    
    6665.0      0.99198    
    6670.0      0.99200    
    6675.0      0.99202    
    6680.0      0.99204    
    6685.0      0.99205    
    6690.0      0.99207    
    6695.0      0.99209    
    6700.0      0.99211    
    6705.0      0.99213    
    6710.0      0.99215    
    6715.0      0.99216    
    6720.0      0.99218    
    6725.0      0.99220    
    6730.0      0.99222    
    6735.0      0.99224    
    6740.0      0.99225    
    6745.0      0.99227    
    6750.0      0.99229    
    6755.0      0.99231    
    6760.0      0.99232    
    6765.0      0.99234    
    6770.0      0.99236    
    6775.0      0.99238    
    6780.0      0.99239    
    6785.0      0.99241    
    6790.0      0.99243    
    6795.0      0.99244    
    6800.0      0.99246    
    6805.0      0.99248    
    6810.0      0.99250    
    6815.0      0.99251    
    6820.0      0.99253    
    6825.0      0.99255    
    6830.0      0.99256    
    6835.0      0.99258    
    6840.0      0.99260    
    6845.0      0.99261    
    6850.0      0.99263    
    6855.0      0.99265    
    6860.0      0.99266    
    6865.0      0.99268    
    6870.0      0.99270    
    6875.0      0.99271    
    6880.0      0.99273    
    6885.0      0.99275    
    6890.0      0.99276    
    6895.0      0.99278    
    6900.0      0.99279    
    6905.0      0.99281    
    6910.0      0.99283    
    6915.0      0.99284    
    6920.0      0.99286    
    6925.0      0.99287    
    6930.0      0.99289    
    6935.0      0.99291    
    6940.0      0.99292    
    6945.0      0.99294    
    6950.0      0.99295    
    6955.0      0.99297    
    6960.0      0.99298    
    6965.0      0.99300    
    6970.0      0.99301    
    6975.0      0.99303    
    6980.0      0.99305    
    6985.0      0.99306    
    6990.0      0.99308    
    6995.0      0.99309    
    7000.0      0.99311    
    7005.0      0.99312    
    7010.0      0.99314    
    7015.0      0.99315    
    7020.0      0.99317    
    7025.0      0.99318    
    7030.0      0.99320    
    7035.0      0.99321    
    7040.0      0.99323    
    7045.0      0.99324    
    7050.0      0.99326    
    7055.0      0.99327    
    7060.0      0.99329    
    7065.0      0.99330    
    7070.0      0.99332    
    7075.0      0.99333    
    7080.0      0.99334    
    7085.0      0.99336    
    7090.0      0.99337    
    7095.0      0.99339    
    7100.0      0.99340    
    7105.0      0.99342    
    7110.0      0.99343    
    7115.0      0.99345    
    7120.0      0.99346    
    7125.0      0.99347    
    7130.0      0.99349    
    7135.0      0.99350    
    7140.0      0.99352    
    7145.0      0.99353    
    7150.0      0.99354    
    7155.0      0.99356    
    7160.0      0.99357    
    7165.0      0.99359    
    7170.0      0.99360    
    7175.0      0.99361    
    7180.0      0.99363    
    7185.0      0.99364    
    7190.0      0.99365    
    7195.0      0.99367    
    7200.0      0.99368    
    7205.0      0.99369    
    7210.0      0.99371    
    7215.0      0.99372    
    7220.0      0.99374    
    7225.0      0.99375    
    7230.0      0.99376    
    7235.0      0.99378    
    7240.0      0.99379    
    7245.0      0.99380    
    7250.0      0.99382    
    7255.0      0.99383    
    7260.0      0.99384    
    7265.0      0.99385    
    7270.0      0.99387    
    7275.0      0.99388    
    7280.0      0.99389    
    7285.0      0.99391    
    7290.0      0.99392    
    7295.0      0.99393    
    7300.0      0.99395    
    7305.0      0.99396    
    7310.0      0.99397    
    7315.0      0.99398    
    7320.0      0.99400    
    7325.0      0.99401    
    7330.0      0.99402    
    7335.0      0.99403    
    7340.0      0.99405    
    7345.0      0.99406    
    7350.0      0.99407    
    7355.0      0.99408    
    7360.0      0.99410    
    7365.0      0.99411    
    7370.0      0.99412    
    7375.0      0.99413    
    7380.0      0.99415    
    7385.0      0.99416    
    7390.0      0.99417    
    7395.0      0.99418    
    7400.0      0.99419    
    7405.0      0.99421    
    7410.0      0.99422    
    7415.0      0.99423    
    7420.0      0.99424    
    7425.0      0.99425    
    7430.0      0.99427    
    7435.0      0.99428    
    7440.0      0.99429    
    7445.0      0.99430    
    7450.0      0.99431    
    7455.0      0.99433    
    7460.0      0.99434    
    7465.0      0.99435    
    7470.0      0.99436    
    7475.0      0.99437    
    7480.0      0.99438    
    7485.0      0.99440    
    7490.0      0.99441    
    7495.0      0.99442    
    7500.0      0.99443    
    7505.0      0.99444    
    7510.0      0.99445    
    7515.0      0.99446    
    7520.0      0.99448    
    7525.0      0.99449    
    7530.0      0.99450    
    7535.0      0.99451    
    7540.0      0.99452    
    7545.0      0.99453    
    7550.0      0.99454    
    7555.0      0.99455    
    7560.0      0.99457    
    7565.0      0.99458    
    7570.0      0.99459    
    7575.0      0.99460    
    7580.0      0.99461    
    7585.0      0.99462    
    7590.0      0.99463    
    7595.0      0.99464    
    7600.0      0.99465    
    7605.0      0.99466    
    7610.0      0.99468    
    7615.0      0.99469    
    7620.0      0.99470    
    7625.0      0.99471    
    7630.0      0.99472    
    7635.0      0.99473    
    7640.0      0.99474    
    7645.0      0.99475    
    7650.0      0.99476    
    7655.0      0.99477    
    7660.0      0.99478    
    7665.0      0.99479    
    7670.0      0.99480    
    7675.0      0.99481    
    7680.0      0.99482    
    7685.0      0.99483    
    7690.0      0.99484    
    7695.0      0.99486    
    7700.0      0.99487    
    7705.0      0.99488    
    7710.0      0.99489    
    7715.0      0.99490    
    7720.0      0.99491    
    7725.0      0.99492    
    7730.0      0.99493    
    7735.0      0.99494    
    7740.0      0.99495    
    7745.0      0.99496    
    7750.0      0.99497    
    7755.0      0.99498    
    7760.0      0.99499    
    7765.0      0.99500    
    7770.0      0.99501    
    7775.0      0.99502    
    7780.0      0.99503    
    7785.0      0.99504    
    7790.0      0.99505    
    7795.0      0.99506    
    7800.0      0.99507    
    7805.0      0.99508    
    7810.0      0.99509    
    7815.0      0.99510    
    7820.0      0.99511    
    7825.0      0.99511    
    7830.0      0.99512    
    7835.0      0.99513    
    7840.0      0.99514    
    7845.0      0.99515    
    7850.0      0.99516    
    7855.0      0.99517    
    7860.0      0.99518    
    7865.0      0.99519    
    7870.0      0.99520    
    7875.0      0.99521    
    7880.0      0.99522    
    7885.0      0.99523    
    7890.0      0.99524    
    7895.0      0.99525    
    7900.0      0.99526    
    7905.0      0.99527    
    7910.0      0.99528    
    7915.0      0.99528    
    7920.0      0.99529    
    7925.0      0.99530    
    7930.0      0.99531    
    7935.0      0.99532    
    7940.0      0.99533    
    7945.0      0.99534    
    7950.0      0.99535    
    7955.0      0.99536    
    7960.0      0.99537    
    7965.0      0.99538    
    7970.0      0.99538    
    7975.0      0.99539    
    7980.0      0.99540    
    7985.0      0.99541    
    7990.0      0.99542    
    7995.0      0.99543    
    8000.0      0.99544    
    8005.0      0.99545    
    8010.0      0.99546    
    8015.0      0.99546    
    8020.0      0.99547    
    8025.0      0.99548    
    8030.0      0.99549    
    8035.0      0.99550    
    8040.0      0.99551    
    8045.0      0.99552    
    8050.0      0.99552    
    8055.0      0.99553    
    8060.0      0.99554    
    8065.0      0.99555    
    8070.0      0.99556    
    8075.0      0.99557    
    8080.0      0.99558    
    8085.0      0.99558    
    8090.0      0.99559    
    8095.0      0.99560    
    8100.0      0.99561    
    8105.0      0.99562    
    8110.0      0.99563    
    8115.0      0.99563    
    8120.0      0.99564    
    8125.0      0.99565    
    8130.0      0.99566    
    8135.0      0.99567    
    8140.0      0.99568    
    8145.0      0.99568    
    8150.0      0.99569    
    8155.0      0.99570    
    8160.0      0.99571    
    8165.0      0.99572    
    8170.0      0.99572    
    8175.0      0.99573    
    8180.0      0.99574    
    8185.0      0.99575    
    8190.0      0.99576    
    8195.0      0.99576    
    8200.0      0.99577    
    8205.0      0.99578    
    8210.0      0.99579    
    8215.0      0.99580    
    8220.0      0.99580    
    8225.0      0.99581    
    8230.0      0.99582    
    8235.0      0.99583    
    8240.0      0.99584    
    8245.0      0.99584    
    8250.0      0.99585    
    8255.0      0.99586    
    8260.0      0.99587    
    8265.0      0.99587    
    8270.0      0.99588    
    8275.0      0.99589    
    8280.0      0.99590    
    8285.0      0.99591    
    8290.0      0.99591    
    8295.0      0.99592    
    8300.0      0.99593    
    8305.0      0.99594    
    8310.0      0.99594    
    8315.0      0.99595    
    8320.0      0.99596    
    8325.0      0.99597    
    8330.0      0.99597    
    8335.0      0.99598    
    8340.0      0.99599    
    8345.0      0.99600    
    8350.0      0.99600    
    8355.0      0.99601    
    8360.0      0.99602    
    8365.0      0.99603    
    8370.0      0.99603    
    8375.0      0.99604    
    8380.0      0.99605    
    8385.0      0.99605    
    8390.0      0.99606    
    8395.0      0.99607    
    8400.0      0.99608    
    8405.0      0.99608    
    8410.0      0.99609    
    8415.0      0.99610    
    8420.0      0.99611    
    8425.0      0.99611    
    8430.0      0.99612    
    8435.0      0.99613    
    8440.0      0.99613    
    8445.0      0.99614    
    8450.0      0.99615    
    8455.0      0.99615    
    8460.0      0.99616    
    8465.0      0.99617    
    8470.0      0.99618    
    8475.0      0.99618    
    8480.0      0.99619    
    8485.0      0.99620    
    8490.0      0.99620    
    8495.0      0.99621    
    8500.0      0.99622    
    8505.0      0.99622    
    8510.0      0.99623    
    8515.0      0.99624    
    8520.0      0.99624    
    8525.0      0.99625    
    8530.0      0.99626    
    8535.0      0.99627    
    8540.0      0.99627    
    8545.0      0.99628    
    8550.0      0.99629    
    8555.0      0.99629    
    8560.0      0.99630    
    8565.0      0.99631    
    8570.0      0.99631    
    8575.0      0.99632    
    8580.0      0.99633    
    8585.0      0.99633    
    8590.0      0.99634    
    8595.0      0.99635    
    8600.0      0.99635    
    8605.0      0.99636    
    8610.0      0.99636    
    8615.0      0.99637    
    8620.0      0.99638    
    8625.0      0.99638    
    8630.0      0.99639    
    8635.0      0.99640    
    8640.0      0.99640    
    8645.0      0.99641    
    8650.0      0.99642    
    8655.0      0.99642    
    8660.0      0.99643    
    8665.0      0.99644    
    8670.0      0.99644    
    8675.0      0.99645    
    8680.0      0.99645    
    8685.0      0.99646    
    8690.0      0.99647    
    8695.0      0.99647    
    8700.0      0.99648    
    8705.0      0.99649    
    8710.0      0.99649    
    8715.0      0.99650    
    8720.0      0.99650    
    8725.0      0.99651    
    8730.0      0.99652    
    8735.0      0.99652    
    8740.0      0.99653    
    8745.0      0.99654    
    8750.0      0.99654    
    8755.0      0.99655    
    8760.0      0.99655    
    8765.0      0.99656    
    8770.0      0.99657    
    8775.0      0.99657    
    8780.0      0.99658    
    8785.0      0.99658    
    8790.0      0.99659    
    8795.0      0.99660    
    8800.0      0.99660    
    8805.0      0.99661    
    8810.0      0.99661    
    8815.0      0.99662    
    8820.0      0.99663    
    8825.0      0.99663    
    8830.0      0.99664    
    8835.0      0.99664    
    8840.0      0.99665    
    8845.0      0.99665    
    8850.0      0.99666    
    8855.0      0.99667    
    8860.0      0.99667    
    8865.0      0.99668    
    8870.0      0.99668    
    8875.0      0.99669    
    8880.0      0.99670    
    8885.0      0.99670    
    8890.0      0.99671    
    8895.0      0.99671    
    8900.0      0.99672    
    8905.0      0.99672    
    8910.0      0.99673    
    8915.0      0.99674    
    8920.0      0.99674    
    8925.0      0.99675    
    8930.0      0.99675    
    8935.0      0.99676    
    8940.0      0.99676    
    8945.0      0.99677    
    8950.0      0.99677    
    8955.0      0.99678    
    8960.0      0.99679    
    8965.0      0.99679    
    8970.0      0.99680    
    8975.0      0.99680    
    8980.0      0.99681    
    8985.0      0.99681    
    8990.0      0.99682    
    8995.0      0.99682    
    9000.0      0.99683    
    9005.0      0.99683    
    9010.0      0.99684    
    9015.0      0.99685    
    9020.0      0.99685    
    9025.0      0.99686    
    9030.0      0.99686    
    9035.0      0.99687    
    9040.0      0.99687    
    9045.0      0.99688    
    9050.0      0.99688    
    9055.0      0.99689    
    9060.0      0.99689    
    9065.0      0.99690    
    9070.0      0.99690    
    9075.0      0.99691    
    9080.0      0.99691    
    9085.0      0.99692    
    9090.0      0.99693    
    9095.0      0.99693    
    9100.0      0.99694    
    9105.0      0.99694    
    9110.0      0.99695    
    9115.0      0.99695    
    9120.0      0.99696    
    9125.0      0.99696    
    9130.0      0.99697    
    9135.0      0.99697    
    9140.0      0.99698    
    9145.0      0.99698    
    9150.0      0.99699    
    9155.0      0.99699    
    9160.0      0.99700    
    9165.0      0.99700    
    9170.0      0.99701    
    9175.0      0.99701    
    9180.0      0.99702    
    9185.0      0.99702    
    9190.0      0.99703    
    9195.0      0.99703    
    9200.0      0.99704    
    9205.0      0.99704    
    9210.0      0.99705    
    9215.0      0.99705    
    9220.0      0.99706    
    9225.0      0.99706    
    9230.0      0.99707    
    9235.0      0.99707    
    9240.0      0.99708    
    9245.0      0.99708    
    9250.0      0.99709    
    9255.0      0.99709    
    9260.0      0.99710    
    9265.0      0.99710    
    9270.0      0.99711    
    9275.0      0.99711    
    9280.0      0.99711    
    9285.0      0.99712    
    9290.0      0.99712    
    9295.0      0.99713    
    9300.0      0.99713    
    9305.0      0.99714    
    9310.0      0.99714    
    9315.0      0.99715    
    9320.0      0.99715    
    9325.0      0.99716    
    9330.0      0.99716    
    9335.0      0.99717    
    9340.0      0.99717    
    9345.0      0.99718    
    9350.0      0.99718    
    9355.0      0.99719    
    9360.0      0.99719    
    9365.0      0.99719    
    9370.0      0.99720    
    9375.0      0.99720    
    9380.0      0.99721    
    9385.0      0.99721    
    9390.0      0.99722    
    9395.0      0.99722    
    9400.0      0.99723    
    9405.0      0.99723    
    9410.0      0.99724    
    9415.0      0.99724    
    9420.0      0.99724    
    9425.0      0.99725    
    9430.0      0.99725    
    9435.0      0.99726    
    9440.0      0.99726    
    9445.0      0.99727    
    9450.0      0.99727    
    9455.0      0.99728    
    9460.0      0.99728    
    9465.0      0.99728    
    9470.0      0.99729    
    9475.0      0.99729    
    9480.0      0.99730    
    9485.0      0.99730    
    9490.0      0.99731    
    9495.0      0.99731    
    9500.0      0.99732    
    9505.0      0.99732    
    9510.0      0.99732    
    9515.0      0.99733    
    9520.0      0.99733    
    9525.0      0.99734    
    9530.0      0.99734    
    9535.0      0.99735    
    9540.0      0.99735    
    9545.0      0.99735    
    9550.0      0.99736    
    9555.0      0.99736    
    9560.0      0.99737    
    9565.0      0.99737    
    9570.0      0.99738    
    9575.0      0.99738    
    9580.0      0.99738    
    9585.0      0.99739    
    9590.0      0.99739    
    9595.0      0.99740    
    9600.0      0.99740    
    9605.0      0.99740    
    9610.0      0.99741    
    9615.0      0.99741    
    9620.0      0.99742    
    9625.0      0.99742    
    9630.0      0.99743    
    9635.0      0.99743    
    9640.0      0.99743    
    9645.0      0.99744    
    9650.0      0.99744    
    9655.0      0.99745    
    9660.0      0.99745    
    9665.0      0.99745    
    9670.0      0.99746    
    9675.0      0.99746    
    9680.0      0.99747    
    9685.0      0.99747    
    9690.0      0.99747    
    9695.0      0.99748    
    9700.0      0.99748    
    9705.0      0.99749    
    9710.0      0.99749    
    9715.0      0.99749    
    9720.0      0.99750    
    9725.0      0.99750    
    9730.0      0.99751    
    9735.0      0.99751    
    9740.0      0.99751    
    9745.0      0.99752    
    9750.0      0.99752    
    9755.0      0.99753    
    9760.0      0.99753    
    9765.0      0.99753    
    9770.0      0.99754    
    9775.0      0.99754    
    9780.0      0.99754    
    9785.0      0.99755    
    9790.0      0.99755    
    9795.0      0.99756    
    9800.0      0.99756    
    9805.0      0.99756    
    9810.0      0.99757    
    9815.0      0.99757    
    9820.0      0.99758    
    9825.0      0.99758    
    9830.0      0.99758    
    9835.0      0.99759    
    9840.0      0.99759    
    9845.0      0.99759    
    9850.0      0.99760    
    9855.0      0.99760    
    9860.0      0.99761    
    9865.0      0.99761    
    9870.0      0.99761    
    9875.0      0.99762    
    9880.0      0.99762    
    9885.0      0.99762    
    9890.0      0.99763    
    9895.0      0.99763    
    9900.0      0.99763    
    9905.0      0.99764    
    9910.0      0.99764    
    9915.0      0.99765    
    9920.0      0.99765    
    9925.0      0.99765    
    9930.0      0.99766    
    9935.0      0.99766    
    9940.0      0.99766    
    9945.0      0.99767    
    9950.0      0.99767    
    9955.0      0.99767    
    9960.0      0.99768    
    9965.0      0.99768    
    9970.0      0.99769    
    9975.0      0.99769    
    9980.0      0.99769    
    9985.0      0.99770    
    9990.0      0.99770    
    9995.0      0.99770    
    10000.      0.99771    
